[kssh] Connecting to th2-revproxyp-fe1 (superuser@172.30.198.33:30)...

#####################################################################
#                                                                   #
# ~# Outremer Telecom #~                                            #
#                                                                   #
#      You are trying to login to an Outremer Telecom server.       #
# Authorized uses only. All activity may be monitored and recorded. #
#    Disconnect IMMEDIATELY if you are not an authorized user.      #
#                                                                   #
#####################################################################

/etc/nginx/sites-available/03-map.extranetclient.outremer-telecom.fr.conf:3:    listen              9443 ssl http2 reuseport;
/etc/nginx/sites-available/03-map.extranetclient.outremer-telecom.fr.conf:22:    # reverse proxy vers Map (Tomcat HTTPS sur port 9443)
/etc/nginx/sites-available/03-map.extranetclient.outremer-telecom.fr.conf:24:        proxy_pass                 https://172.30.198.50:9443;
/etc/nginx/sites-available/03-map.extranetclient.outremer-telecom.fr.conf:31:        proxy_set_header X-Forwarded-Port  9443;
/etc/nginx/sites-available/02-extranetclient.outremer-telecom.fr.conf.bak.2026-09-10_083706:68:    listen              172.30.198.33:9443 ssl http2 reuseport;
/etc/nginx/sites-available/02-extranetclient.outremer-telecom.fr.conf.bak.2026-09-10_083706:80:    access_log          /var/log/nginx/extranetclient.outremer-telecom.fr-9443-access.log;
/etc/nginx/sites-available/02-extranetclient.outremer-telecom.fr.conf.bak.2026-09-10_083706:81:    error_log           /var/log/nginx/extranetclient.outremer-telecom.fr-9443-error.log warn;
/etc/nginx/sites-available/02-extranetclient.outremer-telecom.fr.conf.bak.2026-09-10_083706:91:        #proxy_set_header X-Forwarded-Port   9443;
/etc/nginx/sites-available/02-extranetclient.outremer-telecom.fr.conf.bak_test:67:    listen              172.30.198.33:9443 ssl http2 reuseport;
/etc/nginx/sites-available/02-extranetclient.outremer-telecom.fr.conf.bak_test:78:    access_log          /var/log/nginx/extranetclient.outremer-telecom.fr-9443-access.log;
/etc/nginx/sites-available/02-extranetclient.outremer-telecom.fr.conf.bak_test:79:    error_log           /var/log/nginx/extranetclient.outremer-telecom.fr-9443-error.log warn;
/etc/nginx/sites-available/02-extranetclient.outremer-telecom.fr.conf.bak_test:86:    # reverse proxy vers Map (Tomcat HTTPS sur port 9443)
/etc/nginx/sites-available/02-extranetclient.outremer-telecom.fr.conf.bak_test:88:        proxy_pass                 https://172.30.198.50:9443;
/etc/nginx/sites-available/02-extranetclient.outremer-telecom.fr.conf.bak_test:95:        proxy_set_header X-Forwarded-Port  9443;
/etc/nginx/modsec/coreruleset-3.3.2/rules/REQUEST-944-APPLICATION-ATTACK-JAVA.conf:272:    "id:944300,\
/etc/nginx/modsec/coreruleset-3.3.2/tests/regression/tests/base_positive_rules.py:38:                     default='944310')
/etc/nginx/modsec/coreruleset-3.3.2/tests/regression/tests/REQUEST-944-APPLICATION-ATTACK-JAVA/944300.yaml:5:    name: "944300.yaml"
/etc/nginx/modsec/coreruleset-3.3.2/tests/regression/tests/REQUEST-944-APPLICATION-ATTACK-JAVA/944300.yaml:6:    description: "Positive tests for rule 944300"
/etc/nginx/modsec/coreruleset-3.3.2/tests/regression/tests/REQUEST-944-APPLICATION-ATTACK-JAVA/944300.yaml:9:      test_title: 944300-0
/etc/nginx/modsec/coreruleset-3.3.2/tests/regression/tests/REQUEST-944-APPLICATION-ATTACK-JAVA/944300.yaml:29:              log_contains: "id \"944300\""
/etc/nginx/modsec/coreruleset-3.3.2/tests/regression/tests/REQUEST-944-APPLICATION-ATTACK-JAVA/944300.yaml:32:      test_title: 944300-1
/etc/nginx/modsec/coreruleset-3.3.2/tests/regression/tests/REQUEST-944-APPLICATION-ATTACK-JAVA/944300.yaml:52:              log_contains: "id \"944300\""
/etc/nginx/modsec/coreruleset-3.3.2/tests/regression/tests/REQUEST-944-APPLICATION-ATTACK-JAVA/944300.yaml:55:      test_title: 944300-2
/etc/nginx/modsec/coreruleset-3.3.2/tests/regression/tests/REQUEST-944-APPLICATION-ATTACK-JAVA/944300.yaml:76:              log_contains: "id \"944300\""
/etc/nginx/modsec/coreruleset-3.3.2/tests/regression/tests/REQUEST-944-APPLICATION-ATTACK-JAVA/944300.yaml:79:      test_title: 944300-3
/etc/nginx/modsec/coreruleset-3.3.2/tests/regression/tests/REQUEST-944-APPLICATION-ATTACK-JAVA/944300.yaml:100:              log_contains: "id \"944300\""
/etc/nginx/modsec/coreruleset-3.3.2/tests/regression/tests/REQUEST-944-APPLICATION-ATTACK-JAVA/944300.yaml:103:      test_title: 944300-4
/etc/nginx/modsec/coreruleset-3.3.2/tests/regression/tests/REQUEST-944-APPLICATION-ATTACK-JAVA/944300.yaml:124:              log_contains: "id \"944300\""
/etc/nginx/modsec/coreruleset-3.3.2/tests/regression/tests/REQUEST-944-APPLICATION-ATTACK-JAVA/944300.yaml:127:      test_title: 944300-5
/etc/nginx/modsec/coreruleset-3.3.2/tests/regression/tests/REQUEST-944-APPLICATION-ATTACK-JAVA/944300.yaml:147:              log_contains: "id \"944300\""
/etc/nginx/modsec/coreruleset-3.3.2/tests/regression/tests/REQUEST-944-APPLICATION-ATTACK-JAVA/944300.yaml:150:      test_title: 944300-6
/etc/nginx/modsec/coreruleset-3.3.2/tests/regression/tests/REQUEST-944-APPLICATION-ATTACK-JAVA/944300.yaml:170:              log_contains: "id \"944300\""
/etc/nginx/modsec/coreruleset-3.3.2/tests/regression/tests/REQUEST-944-APPLICATION-ATTACK-JAVA/944300.yaml:173:      test_title: 944300-7
/etc/nginx/modsec/coreruleset-3.3.2/tests/regression/tests/REQUEST-944-APPLICATION-ATTACK-JAVA/944300.yaml:193:              log_contains: "id \"944300\""
/etc/nginx/modsec/coreruleset-3.3.2/tests/regression/tests/REQUEST-944-APPLICATION-ATTACK-JAVA/944300.yaml:196:      test_title: 944300-8
/etc/nginx/modsec/coreruleset-3.3.2/tests/regression/tests/REQUEST-944-APPLICATION-ATTACK-JAVA/944300.yaml:216:              log_contains: "id \"944300\""
/etc/nginx/modsec/coreruleset-3.3.2/tests/regression/tests/REQUEST-944-APPLICATION-ATTACK-JAVA/944300.yaml:219:      test_title: 944300-9
/etc/nginx/modsec/coreruleset-3.3.2/tests/regression/tests/REQUEST-944-APPLICATION-ATTACK-JAVA/944300.yaml:239:              log_contains: "id \"944300\""
/etc/nginx/modsec/coreruleset-3.3.2/tests/regression/tests/REQUEST-944-APPLICATION-ATTACK-JAVA/944300.yaml:242:      test_title: 944300-10
/etc/nginx/modsec/coreruleset-3.3.2/tests/regression/tests/REQUEST-944-APPLICATION-ATTACK-JAVA/944300.yaml:262:              log_contains: "id \"944300\""
/etc/nginx/modsec/coreruleset-3.3.2/tests/regression/tests/REQUEST-944-APPLICATION-ATTACK-JAVA/944300.yaml:264:      test_title: 944300-11
/etc/nginx/modsec/coreruleset-3.3.2/tests/regression/tests/REQUEST-944-APPLICATION-ATTACK-JAVA/944300.yaml:284:              log_contains: "id \"944300\""
/etc/nginx/modsec/coreruleset-3.3.2/tests/regression/tests/REQUEST-944-APPLICATION-ATTACK-JAVA/944300.yaml:287:      test_title: 944300-12
/etc/nginx/modsec/coreruleset-3.3.2/tests/regression/tests/REQUEST-944-APPLICATION-ATTACK-JAVA/944300.yaml:307:              log_contains: "id \"944300\""
/etc/nginx/modsec/coreruleset-3.3.2/tests/regression/tests/REQUEST-944-APPLICATION-ATTACK-JAVA/944300.yaml:310:      test_title: 944300-13
/etc/nginx/modsec/coreruleset-3.3.2/tests/regression/tests/REQUEST-944-APPLICATION-ATTACK-JAVA/944300.yaml:331:              log_contains: "id \"944300\""
/etc/nginx/modsec/coreruleset-3.3.2/tests/regression/tests/REQUEST-944-APPLICATION-ATTACK-JAVA/944300.yaml:334:      test_title: 944300-14
/etc/nginx/modsec/coreruleset-3.3.2/tests/regression/tests/REQUEST-944-APPLICATION-ATTACK-JAVA/944300.yaml:355:              log_contains: "id \"944300\""
/etc/nginx/modsec/coreruleset-3.3.2/tests/regression/tests/REQUEST-944-APPLICATION-ATTACK-JAVA/944300.yaml:358:      test_title: 944300-15
/etc/nginx/modsec/coreruleset-3.3.2/tests/regression/tests/REQUEST-944-APPLICATION-ATTACK-JAVA/944300.yaml:379:              log_contains: "id \"944300\""
/etc/nginx/modsec/coreruleset-3.3.2/tests/regression/tests/REQUEST-944-APPLICATION-ATTACK-JAVA/944300.yaml:382:      test_title: 944300-16
/etc/nginx/modsec/coreruleset-3.3.2/tests/regression/tests/REQUEST-944-APPLICATION-ATTACK-JAVA/944300.yaml:402:              log_contains: "id \"944300\""
/etc/nginx/modsec/coreruleset-3.3.2/tests/regression/tests/REQUEST-944-APPLICATION-ATTACK-JAVA/944300.yaml:405:      test_title: 944300-17
/etc/nginx/modsec/coreruleset-3.3.2/tests/regression/tests/REQUEST-944-APPLICATION-ATTACK-JAVA/944300.yaml:425:              log_contains: "id \"944300\""
/etc/nginx/modsec/coreruleset-3.3.2/tests/regression/tests/REQUEST-944-APPLICATION-ATTACK-JAVA/944300.yaml:428:      test_title: 944300-18
/etc/nginx/modsec/coreruleset-3.3.2/tests/regression/tests/REQUEST-944-APPLICATION-ATTACK-JAVA/944300.yaml:448:              log_contains: "id \"944300\""
/etc/nginx/modsec/coreruleset-3.3.2/tests/regression/tests/REQUEST-944-APPLICATION-ATTACK-JAVA/944300.yaml:451:      test_title: 944300-19
/etc/nginx/modsec/coreruleset-3.3.2/tests/regression/tests/REQUEST-944-APPLICATION-ATTACK-JAVA/944300.yaml:471:              log_contains: "id \"944300\""
/etc/nginx/modsec/coreruleset-3.3.2/tests/regression/tests/REQUEST-944-APPLICATION-ATTACK-JAVA/944300.yaml:474:      test_title: 944300-20
/etc/nginx/modsec/coreruleset-3.3.2/tests/regression/tests/REQUEST-944-APPLICATION-ATTACK-JAVA/944300.yaml:494:              log_contains: "id \"944300\""
/etc/nginx/modsec/coreruleset-3.3.2/tests/regression/tests/REQUEST-944-APPLICATION-ATTACK-JAVA/944300.yaml:497:      test_title: 944300-21
/etc/nginx/modsec/coreruleset-3.3.2/tests/regression/tests/REQUEST-944-APPLICATION-ATTACK-JAVA/944300.yaml:517:              log_contains: "id \"944300\""
/etc/nginx/modsec/coreruleset-3.3.2/tests/regression/tests/REQUEST-944-APPLICATION-ATTACK-JAVA/944300.yaml:519:      test_title: 944300-22
/etc/nginx/modsec/coreruleset-3.3.2/tests/regression/tests/REQUEST-944-APPLICATION-ATTACK-JAVA/944300.yaml:539:              log_contains: "id \"944300\""
/etc/nginx/modsec/coreruleset-3.3.2/tests/regression/tests/REQUEST-944-APPLICATION-ATTACK-JAVA/944300.yaml:542:      test_title: 944300-23
/etc/nginx/modsec/coreruleset-3.3.2/tests/regression/tests/REQUEST-944-APPLICATION-ATTACK-JAVA/944300.yaml:562:              log_contains: "id \"944300\""
/etc/nginx/modsec/coreruleset-3.3.2/tests/regression/tests/REQUEST-944-APPLICATION-ATTACK-JAVA/944300.yaml:565:      test_title: 944300-24
/etc/nginx/modsec/coreruleset-3.3.2/tests/regression/tests/REQUEST-944-APPLICATION-ATTACK-JAVA/944300.yaml:586:              log_contains: "id \"944300\""
/etc/nginx/modsec/coreruleset-3.3.2/tests/regression/tests/REQUEST-944-APPLICATION-ATTACK-JAVA/944300.yaml:589:      test_title: 944300-25
/etc/nginx/modsec/coreruleset-3.3.2/tests/regression/tests/REQUEST-944-APPLICATION-ATTACK-JAVA/944300.yaml:610:              log_contains: "id \"944300\""
/etc/nginx/modsec/coreruleset-3.3.2/tests/regression/tests/REQUEST-944-APPLICATION-ATTACK-JAVA/944300.yaml:613:      test_title: 944300-26
/etc/nginx/modsec/coreruleset-3.3.2/tests/regression/tests/REQUEST-944-APPLICATION-ATTACK-JAVA/944300.yaml:634:              log_contains: "id \"944300\""
/etc/nginx/modsec/coreruleset-3.3.2/tests/regression/tests/REQUEST-944-APPLICATION-ATTACK-JAVA/944300.yaml:637:      test_title: 944300-27
/etc/nginx/modsec/coreruleset-3.3.2/tests/regression/tests/REQUEST-944-APPLICATION-ATTACK-JAVA/944300.yaml:657:              log_contains: "id \"944300\""
/etc/nginx/modsec/coreruleset-3.3.2/tests/regression/tests/REQUEST-944-APPLICATION-ATTACK-JAVA/944300.yaml:660:      test_title: 944300-28
/etc/nginx/modsec/coreruleset-3.3.2/tests/regression/tests/REQUEST-944-APPLICATION-ATTACK-JAVA/944300.yaml:680:              log_contains: "id \"944300\""
/etc/nginx/modsec/coreruleset-3.3.2/tests/regression/tests/REQUEST-944-APPLICATION-ATTACK-JAVA/944300.yaml:683:      test_title: 944300-29
/etc/nginx/modsec/coreruleset-3.3.2/tests/regression/tests/REQUEST-944-APPLICATION-ATTACK-JAVA/944300.yaml:703:              log_contains: "id \"944300\""
/etc/nginx/modsec/coreruleset-3.3.2/tests/regression/tests/REQUEST-944-APPLICATION-ATTACK-JAVA/944300.yaml:706:      test_title: 944300-30
/etc/nginx/modsec/coreruleset-3.3.2/tests/regression/tests/REQUEST-944-APPLICATION-ATTACK-JAVA/944300.yaml:726:              log_contains: "id \"944300\""
/etc/nginx/modsec/coreruleset-3.3.2/tests/regression/tests/REQUEST-944-APPLICATION-ATTACK-JAVA/944300.yaml:729:      test_title: 944300-31
/etc/nginx/modsec/coreruleset-3.3.2/tests/regression/tests/REQUEST-944-APPLICATION-ATTACK-JAVA/944300.yaml:749:              log_contains: "id \"944300\""
/etc/nginx/modsec/coreruleset-3.3.2/tests/regression/tests/REQUEST-944-APPLICATION-ATTACK-JAVA/944300.yaml:752:      test_title: 944300-32
/etc/nginx/modsec/coreruleset-3.3.2/tests/regression/tests/REQUEST-944-APPLICATION-ATTACK-JAVA/944300.yaml:772:              log_contains: "id \"944300\""
/etc/nginx/modsec/coreruleset-3.3.2/tests/regression/tests/REQUEST-944-APPLICATION-ATTACK-JAVA/944300.yaml:774:      test_title: 944300-33
/etc/nginx/modsec/coreruleset-3.3.2/tests/regression/tests/REQUEST-944-APPLICATION-ATTACK-JAVA/944300.yaml:794:              log_contains: "id \"944300\""
/etc/nginx/modsec/coreruleset-3.3.2/tests/regression/tests/REQUEST-944-APPLICATION-ATTACK-JAVA/944300.yaml:797:      test_title: 944300-34
/etc/nginx/modsec/coreruleset-3.3.2/tests/regression/tests/REQUEST-944-APPLICATION-ATTACK-JAVA/944300.yaml:817:              log_contains: "id \"944300\""
/etc/nginx/modsec/coreruleset-3.3.2/tests/regression/tests/REQUEST-944-APPLICATION-ATTACK-JAVA/944300.yaml:820:      test_title: 944300-35
/etc/nginx/modsec/coreruleset-3.3.2/tests/regression/tests/REQUEST-944-APPLICATION-ATTACK-JAVA/944300.yaml:841:              log_contains: "id \"944300\""
/etc/nginx/modsec/coreruleset-3.3.2/tests/regression/tests/REQUEST-944-APPLICATION-ATTACK-JAVA/944300.yaml:844:      test_title: 944300-36
/etc/nginx/modsec/coreruleset-3.3.2/tests/regression/tests/REQUEST-944-APPLICATION-ATTACK-JAVA/944300.yaml:865:              log_contains: "id \"944300\""
/etc/nginx/modsec/coreruleset-3.3.2/tests/regression/tests/REQUEST-944-APPLICATION-ATTACK-JAVA/944300.yaml:868:      test_title: 944300-37
/etc/nginx/modsec/coreruleset-3.3.2/tests/regression/tests/REQUEST-944-APPLICATION-ATTACK-JAVA/944300.yaml:889:              log_contains: "id \"944300\""
/etc/nginx/modsec/coreruleset-3.3.2/tests/regression/tests/REQUEST-944-APPLICATION-ATTACK-JAVA/944300.yaml:892:      test_title: 944300-38
/etc/nginx/modsec/coreruleset-3.3.2/tests/regression/tests/REQUEST-944-APPLICATION-ATTACK-JAVA/944300.yaml:912:              log_contains: "id \"944300\""
/etc/nginx/modsec/coreruleset-3.3.2/tests/regression/tests/REQUEST-944-APPLICATION-ATTACK-JAVA/944300.yaml:915:      test_title: 944300-39
/etc/nginx/modsec/coreruleset-3.3.2/tests/regression/tests/REQUEST-944-APPLICATION-ATTACK-JAVA/944300.yaml:935:              log_contains: "id \"944300\""
/etc/nginx/modsec/coreruleset-3.3.2/tests/regression/tests/REQUEST-944-APPLICATION-ATTACK-JAVA/944300.yaml:938:      test_title: 944300-40
/etc/nginx/modsec/coreruleset-3.3.2/tests/regression/tests/REQUEST-944-APPLICATION-ATTACK-JAVA/944300.yaml:958:              log_contains: "id \"944300\""
/etc/nginx/modsec/coreruleset-3.3.2/tests/regression/tests/REQUEST-944-APPLICATION-ATTACK-JAVA/944300.yaml:961:      test_title: 944300-41
/etc/nginx/modsec/coreruleset-3.3.2/tests/regression/tests/REQUEST-944-APPLICATION-ATTACK-JAVA/944300.yaml:981:              log_contains: "id \"944300\""
/etc/nginx/modsec/coreruleset-3.3.2/tests/regression/tests/REQUEST-944-APPLICATION-ATTACK-JAVA/944300.yaml:984:      test_title: 944300-42
/etc/nginx/modsec/coreruleset-3.3.2/tests/regression/tests/REQUEST-944-APPLICATION-ATTACK-JAVA/944300.yaml:1004:              log_contains: "id \"944300\""
/etc/nginx/modsec/coreruleset-3.3.2/tests/regression/tests/REQUEST-944-APPLICATION-ATTACK-JAVA/944300.yaml:1007:      test_title: 944300-43
/etc/nginx/modsec/coreruleset-3.3.2/tests/regression/tests/REQUEST-944-APPLICATION-ATTACK-JAVA/944300.yaml:1027:              log_contains: "id \"944300\""
/etc/nginx/modsec/coreruleset-3.3.2/tests/regression/tests/REQUEST-944-APPLICATION-ATTACK-JAVA/944300.yaml:1029:      test_title: 944300-44
/etc/nginx/modsec/coreruleset-3.3.2/tests/regression/tests/REQUEST-944-APPLICATION-ATTACK-JAVA/944300.yaml:1049:              log_contains: "id \"944300\""
/etc/nginx/modsec/coreruleset-3.3.2/tests/regression/tests/REQUEST-944-APPLICATION-ATTACK-JAVA/944300.yaml:1052:      test_title: 944300-45
/etc/nginx/modsec/coreruleset-3.3.2/tests/regression/tests/REQUEST-944-APPLICATION-ATTACK-JAVA/944300.yaml:1072:              log_contains: "id \"944300\""
/etc/nginx/modsec/coreruleset-3.3.2/tests/regression/tests/REQUEST-944-APPLICATION-ATTACK-JAVA/944300.yaml:1075:      test_title: 944300-46
/etc/nginx/modsec/coreruleset-3.3.2/tests/regression/tests/REQUEST-944-APPLICATION-ATTACK-JAVA/944300.yaml:1096:              log_contains: "id \"944300\""
/etc/nginx/modsec/coreruleset-3.3.2/tests/regression/tests/REQUEST-944-APPLICATION-ATTACK-JAVA/944300.yaml:1099:      test_title: 944300-47
/etc/nginx/modsec/coreruleset-3.3.2/tests/regression/tests/REQUEST-944-APPLICATION-ATTACK-JAVA/944300.yaml:1120:              log_contains: "id \"944300\""
/etc/nginx/modsec/coreruleset-3.3.2/tests/regression/tests/REQUEST-944-APPLICATION-ATTACK-JAVA/944300.yaml:1123:      test_title: 944300-48
/etc/nginx/modsec/coreruleset-3.3.2/tests/regression/tests/REQUEST-944-APPLICATION-ATTACK-JAVA/944300.yaml:1144:              log_contains: "id \"944300\""
/etc/nginx/modsec/coreruleset-3.3.2/tests/regression/tests/REQUEST-944-APPLICATION-ATTACK-JAVA/944300.yaml:1147:      test_title: 944300-49
/etc/nginx/modsec/coreruleset-3.3.2/tests/regression/tests/REQUEST-944-APPLICATION-ATTACK-JAVA/944300.yaml:1167:              log_contains: "id \"944300\""
/etc/nginx/modsec/coreruleset-3.3.2/tests/regression/tests/REQUEST-944-APPLICATION-ATTACK-JAVA/944300.yaml:1170:      test_title: 944300-50
/etc/nginx/modsec/coreruleset-3.3.2/tests/regression/tests/REQUEST-944-APPLICATION-ATTACK-JAVA/944300.yaml:1190:              log_contains: "id \"944300\""
/etc/nginx/modsec/coreruleset-3.3.2/tests/regression/tests/REQUEST-944-APPLICATION-ATTACK-JAVA/944300.yaml:1193:      test_title: 944300-51
/etc/nginx/modsec/coreruleset-3.3.2/tests/regression/tests/REQUEST-944-APPLICATION-ATTACK-JAVA/944300.yaml:1213:              log_contains: "id \"944300\""
/etc/nginx/modsec/coreruleset-3.3.2/tests/regression/tests/REQUEST-944-APPLICATION-ATTACK-JAVA/944300.yaml:1216:      test_title: 944300-52
/etc/nginx/modsec/coreruleset-3.3.2/tests/regression/tests/REQUEST-944-APPLICATION-ATTACK-JAVA/944300.yaml:1236:              log_contains: "id \"944300\""
/etc/nginx/modsec/coreruleset-3.3.2/tests/regression/tests/REQUEST-944-APPLICATION-ATTACK-JAVA/944300.yaml:1239:      test_title: 944300-53
/etc/nginx/modsec/coreruleset-3.3.2/tests/regression/tests/REQUEST-944-APPLICATION-ATTACK-JAVA/944300.yaml:1259:              log_contains: "id \"944300\""
/etc/nginx/modsec/coreruleset-3.3.2/tests/regression/tests/REQUEST-944-APPLICATION-ATTACK-JAVA/944300.yaml:1262:      test_title: 944300-54
/etc/nginx/modsec/coreruleset-3.3.2/tests/regression/tests/REQUEST-944-APPLICATION-ATTACK-JAVA/944300.yaml:1282:              log_contains: "id \"944300\""
/etc/nginx/modsec/coreruleset-3.3.2/tests/regression/tests/REQUEST-944-APPLICATION-ATTACK-JAVA/944300.yaml:1284:      test_title: 944300-55
/etc/nginx/modsec/coreruleset-3.3.2/tests/regression/tests/REQUEST-944-APPLICATION-ATTACK-JAVA/944300.yaml:1304:              log_contains: "id \"944300\""
/etc/nginx/modsec/coreruleset-3.3.2/tests/regression/tests/REQUEST-944-APPLICATION-ATTACK-JAVA/944300.yaml:1307:      test_title: 944300-56
/etc/nginx/modsec/coreruleset-3.3.2/tests/regression/tests/REQUEST-944-APPLICATION-ATTACK-JAVA/944300.yaml:1327:              log_contains: "id \"944300\""
/etc/nginx/modsec/coreruleset-3.3.2/tests/regression/tests/REQUEST-944-APPLICATION-ATTACK-JAVA/944300.yaml:1330:      test_title: 944300-57
/etc/nginx/modsec/coreruleset-3.3.2/tests/regression/tests/REQUEST-944-APPLICATION-ATTACK-JAVA/944300.yaml:1351:              log_contains: "id \"944300\""
/etc/nginx/modsec/coreruleset-3.3.2/tests/regression/tests/REQUEST-944-APPLICATION-ATTACK-JAVA/944300.yaml:1354:      test_title: 944300-58
/etc/nginx/modsec/coreruleset-3.3.2/tests/regression/tests/REQUEST-944-APPLICATION-ATTACK-JAVA/944300.yaml:1375:              log_contains: "id \"944300\""
/etc/nginx/modsec/coreruleset-3.3.2/tests/regression/tests/REQUEST-944-APPLICATION-ATTACK-JAVA/944300.yaml:1378:      test_title: 944300-59
/etc/nginx/modsec/coreruleset-3.3.2/tests/regression/tests/REQUEST-944-APPLICATION-ATTACK-JAVA/944300.yaml:1399:              log_contains: "id \"944300\""
/etc/nginx/modsec/coreruleset-3.3.2/tests/regression/tests/REQUEST-944-APPLICATION-ATTACK-JAVA/944300.yaml:1402:      test_title: 944300-60
/etc/nginx/modsec/coreruleset-3.3.2/tests/regression/tests/REQUEST-944-APPLICATION-ATTACK-JAVA/944300.yaml:1422:              log_contains: "id \"944300\""
/etc/nginx/modsec/coreruleset-3.3.2/tests/regression/tests/REQUEST-944-APPLICATION-ATTACK-JAVA/944300.yaml:1425:      test_title: 944300-61
/etc/nginx/modsec/coreruleset-3.3.2/tests/regression/tests/REQUEST-944-APPLICATION-ATTACK-JAVA/944300.yaml:1445:              log_contains: "id \"944300\""
/etc/nginx/modsec/coreruleset-3.3.2/tests/regression/tests/REQUEST-944-APPLICATION-ATTACK-JAVA/944300.yaml:1448:      test_title: 944300-62
/etc/nginx/modsec/coreruleset-3.3.2/tests/regression/tests/REQUEST-944-APPLICATION-ATTACK-JAVA/944300.yaml:1468:              log_contains: "id \"944300\""
/etc/nginx/modsec/coreruleset-3.3.2/tests/regression/tests/REQUEST-944-APPLICATION-ATTACK-JAVA/944300.yaml:1471:      test_title: 944300-63
/etc/nginx/modsec/coreruleset-3.3.2/tests/regression/tests/REQUEST-944-APPLICATION-ATTACK-JAVA/944300.yaml:1491:              log_contains: "id \"944300\""
/etc/nginx/modsec/coreruleset-3.3.2/tests/regression/tests/REQUEST-944-APPLICATION-ATTACK-JAVA/944300.yaml:1494:      test_title: 944300-64
/etc/nginx/modsec/coreruleset-3.3.2/tests/regression/tests/REQUEST-944-APPLICATION-ATTACK-JAVA/944300.yaml:1514:              log_contains: "id \"944300\""
/etc/nginx/modsec/coreruleset-3.3.2/tests/regression/tests/REQUEST-944-APPLICATION-ATTACK-JAVA/944300.yaml:1517:      test_title: 944300-65
/etc/nginx/modsec/coreruleset-3.3.2/tests/regression/tests/REQUEST-944-APPLICATION-ATTACK-JAVA/944300.yaml:1537:              log_contains: "id \"944300\""
/etc/nginx/modsec/coreruleset-3.3.2/tests/regression/tests/REQUEST-944-APPLICATION-ATTACK-JAVA/944300.yaml:1539:      test_title: 944300-66
/etc/nginx/modsec/coreruleset-3.3.2/tests/regression/tests/REQUEST-944-APPLICATION-ATTACK-JAVA/944300.yaml:1559:              log_contains: "id \"944300\""
/etc/nginx/modsec/coreruleset-3.3.2/tests/regression/tests/REQUEST-944-APPLICATION-ATTACK-JAVA/944300.yaml:1562:      test_title: 944300-67
/etc/nginx/modsec/coreruleset-3.3.2/tests/regression/tests/REQUEST-944-APPLICATION-ATTACK-JAVA/944300.yaml:1582:              log_contains: "id \"944300\""
/etc/nginx/modsec/coreruleset-3.3.2/tests/regression/tests/REQUEST-944-APPLICATION-ATTACK-JAVA/944300.yaml:1585:      test_title: 944300-68
/etc/nginx/modsec/coreruleset-3.3.2/tests/regression/tests/REQUEST-944-APPLICATION-ATTACK-JAVA/944300.yaml:1606:              log_contains: "id \"944300\""
/etc/nginx/modsec/coreruleset-3.3.2/tests/regression/tests/REQUEST-944-APPLICATION-ATTACK-JAVA/944300.yaml:1609:      test_title: 944300-69
/etc/nginx/modsec/coreruleset-3.3.2/tests/regression/tests/REQUEST-944-APPLICATION-ATTACK-JAVA/944300.yaml:1630:              log_contains: "id \"944300\""
/etc/nginx/modsec/coreruleset-3.3.2/tests/regression/tests/REQUEST-944-APPLICATION-ATTACK-JAVA/944300.yaml:1633:      test_title: 944300-70
/etc/nginx/modsec/coreruleset-3.3.2/tests/regression/tests/REQUEST-944-APPLICATION-ATTACK-JAVA/944300.yaml:1654:              log_contains: "id \"944300\""
/etc/nginx/modsec/coreruleset-3.3.2/tests/regression/tests/REQUEST-944-APPLICATION-ATTACK-JAVA/944300.yaml:1657:      test_title: 944300-71
/etc/nginx/modsec/coreruleset-3.3.2/tests/regression/tests/REQUEST-944-APPLICATION-ATTACK-JAVA/944300.yaml:1677:              log_contains: "id \"944300\""
/etc/nginx/modsec/coreruleset-3.3.2/tests/regression/tests/REQUEST-944-APPLICATION-ATTACK-JAVA/944300.yaml:1680:      test_title: 944300-72
/etc/nginx/modsec/coreruleset-3.3.2/tests/regression/tests/REQUEST-944-APPLICATION-ATTACK-JAVA/944300.yaml:1700:              log_contains: "id \"944300\""
/etc/nginx/modsec/coreruleset-3.3.2/tests/regression/tests/REQUEST-944-APPLICATION-ATTACK-JAVA/944300.yaml:1703:      test_title: 944300-73
/etc/nginx/modsec/coreruleset-3.3.2/tests/regression/tests/REQUEST-944-APPLICATION-ATTACK-JAVA/944300.yaml:1723:              log_contains: "id \"944300\""
/etc/nginx/modsec/coreruleset-3.3.2/tests/regression/tests/REQUEST-944-APPLICATION-ATTACK-JAVA/944300.yaml:1726:      test_title: 944300-74
/etc/nginx/modsec/coreruleset-3.3.2/tests/regression/tests/REQUEST-944-APPLICATION-ATTACK-JAVA/944300.yaml:1746:              log_contains: "id \"944300\""
/etc/nginx/modsec/coreruleset-3.3.2/tests/regression/tests/REQUEST-944-APPLICATION-ATTACK-JAVA/944300.yaml:1749:      test_title: 944300-75
/etc/nginx/modsec/coreruleset-3.3.2/tests/regression/tests/REQUEST-944-APPLICATION-ATTACK-JAVA/944300.yaml:1769:              log_contains: "id \"944300\""
/etc/nginx/modsec/coreruleset-3.3.2/tests/regression/tests/REQUEST-944-APPLICATION-ATTACK-JAVA/944300.yaml:1772:      test_title: 944300-76
/etc/nginx/modsec/coreruleset-3.3.2/tests/regression/tests/REQUEST-944-APPLICATION-ATTACK-JAVA/944300.yaml:1792:              log_contains: "id \"944300\""
/etc/nginx/modsec/coreruleset-3.3.2/tests/regression/tests/REQUEST-944-APPLICATION-ATTACK-JAVA/944300.yaml:1794:      test_title: 944300-77
/etc/nginx/modsec/coreruleset-3.3.2/tests/regression/tests/REQUEST-944-APPLICATION-ATTACK-JAVA/944300.yaml:1814:              log_contains: "id \"944300\""
/etc/nginx/modsec/coreruleset-3.3.2/tests/regression/tests/REQUEST-944-APPLICATION-ATTACK-JAVA/944300.yaml:1817:      test_title: 944300-78
/etc/nginx/modsec/coreruleset-3.3.2/tests/regression/tests/REQUEST-944-APPLICATION-ATTACK-JAVA/944300.yaml:1837:              log_contains: "id \"944300\""
/etc/nginx/modsec/coreruleset-3.3.2/tests/regression/tests/REQUEST-944-APPLICATION-ATTACK-JAVA/944300.yaml:1840:      test_title: 944300-79
/etc/nginx/modsec/coreruleset-3.3.2/tests/regression/tests/REQUEST-944-APPLICATION-ATTACK-JAVA/944300.yaml:1861:              log_contains: "id \"944300\""
/etc/nginx/modsec/coreruleset-3.3.2/tests/regression/tests/REQUEST-944-APPLICATION-ATTACK-JAVA/944300.yaml:1864:      test_title: 944300-80
/etc/nginx/modsec/coreruleset-3.3.2/tests/regression/tests/REQUEST-944-APPLICATION-ATTACK-JAVA/944300.yaml:1885:              log_contains: "id \"944300\""
/etc/nginx/modsec/coreruleset-3.3.2/tests/regression/tests/REQUEST-944-APPLICATION-ATTACK-JAVA/944300.yaml:1888:      test_title: 944300-81
/etc/nginx/modsec/coreruleset-3.3.2/tests/regression/tests/REQUEST-944-APPLICATION-ATTACK-JAVA/944300.yaml:1909:              log_contains: "id \"944300\""
/etc/nginx/modsec/coreruleset-3.3.2/tests/regression/tests/REQUEST-944-APPLICATION-ATTACK-JAVA/944300.yaml:1912:      test_title: 944300-82
/etc/nginx/modsec/coreruleset-3.3.2/tests/regression/tests/REQUEST-944-APPLICATION-ATTACK-JAVA/944300.yaml:1932:              log_contains: "id \"944300\""
/etc/nginx/modsec/coreruleset-3.3.2/tests/regression/tests/REQUEST-944-APPLICATION-ATTACK-JAVA/944300.yaml:1935:      test_title: 944300-83
/etc/nginx/modsec/coreruleset-3.3.2/tests/regression/tests/REQUEST-944-APPLICATION-ATTACK-JAVA/944300.yaml:1955:              log_contains: "id \"944300\""
/etc/nginx/modsec/coreruleset-3.3.2/tests/regression/tests/REQUEST-944-APPLICATION-ATTACK-JAVA/944300.yaml:1958:      test_title: 944300-84
/etc/nginx/modsec/coreruleset-3.3.2/tests/regression/tests/REQUEST-944-APPLICATION-ATTACK-JAVA/944300.yaml:1978:              log_contains: "id \"944300\""
/etc/nginx/modsec/coreruleset-3.3.2/tests/regression/tests/REQUEST-944-APPLICATION-ATTACK-JAVA/944300.yaml:1981:      test_title: 944300-85
/etc/nginx/modsec/coreruleset-3.3.2/tests/regression/tests/REQUEST-944-APPLICATION-ATTACK-JAVA/944300.yaml:2001:              log_contains: "id \"944300\""
/etc/nginx/modsec/coreruleset-3.3.2/tests/regression/tests/REQUEST-944-APPLICATION-ATTACK-JAVA/944300.yaml:2004:      test_title: 944300-86
/etc/nginx/modsec/coreruleset-3.3.2/tests/regression/tests/REQUEST-944-APPLICATION-ATTACK-JAVA/944300.yaml:2024:              log_contains: "id \"944300\""
/etc/nginx/modsec/coreruleset-3.3.2/tests/regression/tests/REQUEST-944-APPLICATION-ATTACK-JAVA/944300.yaml:2027:      test_title: 944300-87
/etc/nginx/modsec/coreruleset-3.3.2/tests/regression/tests/REQUEST-944-APPLICATION-ATTACK-JAVA/944300.yaml:2047:              log_contains: "id \"944300\""
/etc/nginx/modsec/coreruleset-3.3.2/tests/regression/tests/REQUEST-944-APPLICATION-ATTACK-JAVA/944300.yaml:2049:      test_title: 944300-88
/etc/nginx/modsec/coreruleset-3.3.2/tests/regression/tests/REQUEST-944-APPLICATION-ATTACK-JAVA/944300.yaml:2069:              log_contains: "id \"944300\""
/etc/nginx/modsec/coreruleset-3.3.2/tests/regression/tests/REQUEST-944-APPLICATION-ATTACK-JAVA/944300.yaml:2072:      test_title: 944300-89
/etc/nginx/modsec/coreruleset-3.3.2/tests/regression/tests/REQUEST-944-APPLICATION-ATTACK-JAVA/944300.yaml:2092:              log_contains: "id \"944300\""
/etc/nginx/modsec/coreruleset-3.3.2/tests/regression/tests/REQUEST-944-APPLICATION-ATTACK-JAVA/944300.yaml:2095:      test_title: 944300-90
/etc/nginx/modsec/coreruleset-3.3.2/tests/regression/tests/REQUEST-944-APPLICATION-ATTACK-JAVA/944300.yaml:2116:              log_contains: "id \"944300\""
/etc/nginx/modsec/coreruleset-3.3.2/tests/regression/tests/REQUEST-944-APPLICATION-ATTACK-JAVA/944300.yaml:2119:      test_title: 944300-91
/etc/nginx/modsec/coreruleset-3.3.2/tests/regression/tests/REQUEST-944-APPLICATION-ATTACK-JAVA/944300.yaml:2140:              log_contains: "id \"944300\""
/etc/nginx/modsec/coreruleset-3.3.2/tests/regression/tests/REQUEST-944-APPLICATION-ATTACK-JAVA/944300.yaml:2143:      test_title: 944300-92
/etc/nginx/modsec/coreruleset-3.3.2/tests/regression/tests/REQUEST-944-APPLICATION-ATTACK-JAVA/944300.yaml:2164:              log_contains: "id \"944300\""
/etc/nginx/modsec/coreruleset-3.3.2/tests/regression/tests/REQUEST-944-APPLICATION-ATTACK-JAVA/944300.yaml:2167:      test_title: 944300-93
/etc/nginx/modsec/coreruleset-3.3.2/tests/regression/tests/REQUEST-944-APPLICATION-ATTACK-JAVA/944300.yaml:2187:              log_contains: "id \"944300\""
/etc/nginx/modsec/coreruleset-3.3.2/tests/regression/tests/REQUEST-944-APPLICATION-ATTACK-JAVA/944300.yaml:2190:      test_title: 944300-94
/etc/nginx/modsec/coreruleset-3.3.2/tests/regression/tests/REQUEST-944-APPLICATION-ATTACK-JAVA/944300.yaml:2210:              log_contains: "id \"944300\""
/etc/nginx/modsec/coreruleset-3.3.2/tests/regression/tests/REQUEST-944-APPLICATION-ATTACK-JAVA/944300.yaml:2213:      test_title: 944300-95
/etc/nginx/modsec/coreruleset-3.3.2/tests/regression/tests/REQUEST-944-APPLICATION-ATTACK-JAVA/944300.yaml:2233:              log_contains: "id \"944300\""
/etc/nginx/modsec/coreruleset-3.3.2/tests/regression/tests/REQUEST-944-APPLICATION-ATTACK-JAVA/944300.yaml:2236:      test_title: 944300-96
/etc/nginx/modsec/coreruleset-3.3.2/tests/regression/tests/REQUEST-944-APPLICATION-ATTACK-JAVA/944300.yaml:2256:              log_contains: "id \"944300\""
/etc/nginx/modsec/coreruleset-3.3.2/tests/regression/tests/REQUEST-944-APPLICATION-ATTACK-JAVA/944300.yaml:2259:      test_title: 944300-97
/etc/nginx/modsec/coreruleset-3.3.2/tests/regression/tests/REQUEST-944-APPLICATION-ATTACK-JAVA/944300.yaml:2279:              log_contains: "id \"944300\""
/etc/nginx/modsec/coreruleset-3.3.2/tests/regression/tests/REQUEST-944-APPLICATION-ATTACK-JAVA/944300.yaml:2282:      test_title: 944300-98
/etc/nginx/modsec/coreruleset-3.3.2/tests/regression/tests/REQUEST-944-APPLICATION-ATTACK-JAVA/944300.yaml:2302:              log_contains: "id \"944300\""
/etc/nginx/modsec/coreruleset-3.3.2/tests/regression/tests/REQUEST-944-APPLICATION-ATTACK-JAVA/944300.yaml:2304:      test_title: 944300-99
/etc/nginx/modsec/coreruleset-3.3.2/tests/regression/tests/REQUEST-944-APPLICATION-ATTACK-JAVA/944300.yaml:2324:              log_contains: "id \"944300\""
/etc/nginx/modsec/coreruleset-3.3.2/tests/regression/tests/REQUEST-944-APPLICATION-ATTACK-JAVA/944300.yaml:2327:      test_title: 944300-100
/etc/nginx/modsec/coreruleset-3.3.2/tests/regression/tests/REQUEST-944-APPLICATION-ATTACK-JAVA/944300.yaml:2347:              log_contains: "id \"944300\""
/etc/nginx/modsec/coreruleset-3.3.2/tests/regression/tests/REQUEST-944-APPLICATION-ATTACK-JAVA/944300.yaml:2350:      test_title: 944300-101
/etc/nginx/modsec/coreruleset-3.3.2/tests/regression/tests/REQUEST-944-APPLICATION-ATTACK-JAVA/944300.yaml:2371:              log_contains: "id \"944300\""
/etc/nginx/modsec/coreruleset-3.3.2/tests/regression/tests/REQUEST-944-APPLICATION-ATTACK-JAVA/944300.yaml:2374:      test_title: 944300-102
/etc/nginx/modsec/coreruleset-3.3.2/tests/regression/tests/REQUEST-944-APPLICATION-ATTACK-JAVA/944300.yaml:2395:              log_contains: "id \"944300\""
/etc/nginx/modsec/coreruleset-3.3.2/tests/regression/tests/REQUEST-944-APPLICATION-ATTACK-JAVA/944300.yaml:2398:      test_title: 944300-103
/etc/nginx/modsec/coreruleset-3.3.2/tests/regression/tests/REQUEST-944-APPLICATION-ATTACK-JAVA/944300.yaml:2419:              log_contains: "id \"944300\""
/etc/nginx/modsec/coreruleset-3.3.2/tests/regression/tests/REQUEST-944-APPLICATION-ATTACK-JAVA/944300.yaml:2422:      test_title: 944300-104
/etc/nginx/modsec/coreruleset-3.3.2/tests/regression/tests/REQUEST-944-APPLICATION-ATTACK-JAVA/944300.yaml:2442:              log_contains: "id \"944300\""
/etc/nginx/modsec/coreruleset-3.3.2/tests/regression/tests/REQUEST-944-APPLICATION-ATTACK-JAVA/944300.yaml:2445:      test_title: 944300-105
/etc/nginx/modsec/coreruleset-3.3.2/tests/regression/tests/REQUEST-944-APPLICATION-ATTACK-JAVA/944300.yaml:2465:              log_contains: "id \"944300\""
/etc/nginx/modsec/coreruleset-3.3.2/tests/regression/tests/REQUEST-944-APPLICATION-ATTACK-JAVA/944300.yaml:2468:      test_title: 944300-106
/etc/nginx/modsec/coreruleset-3.3.2/tests/regression/tests/REQUEST-944-APPLICATION-ATTACK-JAVA/944300.yaml:2488:              log_contains: "id \"944300\""
/etc/nginx/modsec/coreruleset-3.3.2/tests/regression/tests/REQUEST-944-APPLICATION-ATTACK-JAVA/944300.yaml:2491:      test_title: 944300-107
/etc/nginx/modsec/coreruleset-3.3.2/tests/regression/tests/REQUEST-944-APPLICATION-ATTACK-JAVA/944300.yaml:2511:              log_contains: "id \"944300\""
/etc/nginx/modsec/coreruleset-3.3.2/tests/regression/tests/REQUEST-944-APPLICATION-ATTACK-JAVA/944300.yaml:2514:      test_title: 944300-108
/etc/nginx/modsec/coreruleset-3.3.2/tests/regression/tests/REQUEST-944-APPLICATION-ATTACK-JAVA/944300.yaml:2534:              log_contains: "id \"944300\""
/etc/nginx/modsec/coreruleset-3.3.2/tests/regression/tests/REQUEST-944-APPLICATION-ATTACK-JAVA/944300.yaml:2537:      test_title: 944300-109
/etc/nginx/modsec/coreruleset-3.3.2/tests/regression/tests/REQUEST-944-APPLICATION-ATTACK-JAVA/944300.yaml:2557:              log_contains: "id \"944300\""
/etc/nginx/modsec/coreruleset-3.3.2/tests/regression/tests/REQUEST-944-APPLICATION-ATTACK-JAVA/944300.yaml:2559:      test_title: 944300-110
/etc/nginx/modsec/coreruleset-3.3.2/tests/regression/tests/REQUEST-944-APPLICATION-ATTACK-JAVA/944300.yaml:2579:              log_contains: "id \"944300\""
/etc/nginx/modsec/coreruleset-3.3.2/tests/regression/tests/REQUEST-944-APPLICATION-ATTACK-JAVA/944300.yaml:2582:      test_title: 944300-111
/etc/nginx/modsec/coreruleset-3.3.2/tests/regression/tests/REQUEST-944-APPLICATION-ATTACK-JAVA/944300.yaml:2602:              log_contains: "id \"944300\""
/etc/nginx/modsec/coreruleset-3.3.2/tests/regression/tests/REQUEST-944-APPLICATION-ATTACK-JAVA/944300.yaml:2605:      test_title: 944300-112
/etc/nginx/modsec/coreruleset-3.3.2/tests/regression/tests/REQUEST-944-APPLICATION-ATTACK-JAVA/944300.yaml:2626:              log_contains: "id \"944300\""
/etc/nginx/modsec/coreruleset-3.3.2/tests/regression/tests/REQUEST-944-APPLICATION-ATTACK-JAVA/944300.yaml:2629:      test_title: 944300-113
/etc/nginx/modsec/coreruleset-3.3.2/tests/regression/tests/REQUEST-944-APPLICATION-ATTACK-JAVA/944300.yaml:2650:              log_contains: "id \"944300\""
/etc/nginx/modsec/coreruleset-3.3.2/tests/regression/tests/REQUEST-944-APPLICATION-ATTACK-JAVA/944300.yaml:2653:      test_title: 944300-114
/etc/nginx/modsec/coreruleset-3.3.2/tests/regression/tests/REQUEST-944-APPLICATION-ATTACK-JAVA/944300.yaml:2674:              log_contains: "id \"944300\""
/etc/nginx/modsec/coreruleset-3.3.2/tests/regression/tests/REQUEST-944-APPLICATION-ATTACK-JAVA/944300.yaml:2677:      test_title: 944300-115
/etc/nginx/modsec/coreruleset-3.3.2/tests/regression/tests/REQUEST-944-APPLICATION-ATTACK-JAVA/944300.yaml:2697:              log_contains: "id \"944300\""
/etc/nginx/modsec/coreruleset-3.3.2/tests/regression/tests/REQUEST-944-APPLICATION-ATTACK-JAVA/944300.yaml:2700:      test_title: 944300-116
/etc/nginx/modsec/coreruleset-3.3.2/tests/regression/tests/REQUEST-944-APPLICATION-ATTACK-JAVA/944300.yaml:2720:              log_contains: "id \"944300\""
/etc/nginx/modsec/coreruleset-3.3.2/tests/regression/tests/REQUEST-944-APPLICATION-ATTACK-JAVA/944300.yaml:2723:      test_title: 944300-117
/etc/nginx/modsec/coreruleset-3.3.2/tests/regression/tests/REQUEST-944-APPLICATION-ATTACK-JAVA/944300.yaml:2743:              log_contains: "id \"944300\""
/etc/nginx/modsec/coreruleset-3.3.2/tests/regression/tests/REQUEST-944-APPLICATION-ATTACK-JAVA/944300.yaml:2746:      test_title: 944300-118
/etc/nginx/modsec/coreruleset-3.3.2/tests/regression/tests/REQUEST-944-APPLICATION-ATTACK-JAVA/944300.yaml:2766:              log_contains: "id \"944300\""
/etc/nginx/modsec/coreruleset-3.3.2/tests/regression/tests/REQUEST-944-APPLICATION-ATTACK-JAVA/944300.yaml:2769:      test_title: 944300-119
/etc/nginx/modsec/coreruleset-3.3.2/tests/regression/tests/REQUEST-944-APPLICATION-ATTACK-JAVA/944300.yaml:2789:              log_contains: "id \"944300\""
/etc/nginx/modsec/coreruleset-3.3.2/tests/regression/tests/REQUEST-944-APPLICATION-ATTACK-JAVA/944300.yaml:2792:      test_title: 944300-120
/etc/nginx/modsec/coreruleset-3.3.2/tests/regression/tests/REQUEST-944-APPLICATION-ATTACK-JAVA/944300.yaml:2812:              log_contains: "id \"944300\""
/etc/nginx/modsec/coreruleset-3.3.2/tests/regression/tests/REQUEST-944-APPLICATION-ATTACK-JAVA/944300.yaml:2814:      test_title: 944300-121
/etc/nginx/modsec/coreruleset-3.3.2/tests/regression/tests/REQUEST-944-APPLICATION-ATTACK-JAVA/944300.yaml:2834:              log_contains: "id \"944300\""
/etc/nginx/modsec/coreruleset-3.3.2/tests/regression/tests/REQUEST-944-APPLICATION-ATTACK-JAVA/944300.yaml:2837:      test_title: 944300-122
/etc/nginx/modsec/coreruleset-3.3.2/tests/regression/tests/REQUEST-944-APPLICATION-ATTACK-JAVA/944300.yaml:2857:              log_contains: "id \"944300\""
/etc/nginx/modsec/coreruleset-3.3.2/tests/regression/tests/REQUEST-944-APPLICATION-ATTACK-JAVA/944300.yaml:2860:      test_title: 944300-123
/etc/nginx/modsec/coreruleset-3.3.2/tests/regression/tests/REQUEST-944-APPLICATION-ATTACK-JAVA/944300.yaml:2881:              log_contains: "id \"944300\""
/etc/nginx/modsec/coreruleset-3.3.2/tests/regression/tests/REQUEST-944-APPLICATION-ATTACK-JAVA/944300.yaml:2884:      test_title: 944300-124
/etc/nginx/modsec/coreruleset-3.3.2/tests/regression/tests/REQUEST-944-APPLICATION-ATTACK-JAVA/944300.yaml:2905:              log_contains: "id \"944300\""
/etc/nginx/modsec/coreruleset-3.3.2/tests/regression/tests/REQUEST-944-APPLICATION-ATTACK-JAVA/944300.yaml:2908:      test_title: 944300-125
/etc/nginx/modsec/coreruleset-3.3.2/tests/regression/tests/REQUEST-944-APPLICATION-ATTACK-JAVA/944300.yaml:2929:              log_contains: "id \"944300\""
/etc/nginx/modsec/coreruleset-3.3.2/tests/regression/tests/REQUEST-944-APPLICATION-ATTACK-JAVA/944300.yaml:2932:      test_title: 944300-126
/etc/nginx/modsec/coreruleset-3.3.2/tests/regression/tests/REQUEST-944-APPLICATION-ATTACK-JAVA/944300.yaml:2952:              log_contains: "id \"944300\""
/etc/nginx/modsec/coreruleset-3.3.2/tests/regression/tests/REQUEST-944-APPLICATION-ATTACK-JAVA/944300.yaml:2955:      test_title: 944300-127
/etc/nginx/modsec/coreruleset-3.3.2/tests/regression/tests/REQUEST-944-APPLICATION-ATTACK-JAVA/944300.yaml:2975:              log_contains: "id \"944300\""
/etc/nginx/modsec/coreruleset-3.3.2/tests/regression/tests/REQUEST-944-APPLICATION-ATTACK-JAVA/944300.yaml:2978:      test_title: 944300-128
/etc/nginx/modsec/coreruleset-3.3.2/tests/regression/tests/REQUEST-944-APPLICATION-ATTACK-JAVA/944300.yaml:2998:              log_contains: "id \"944300\""
/etc/nginx/modsec/coreruleset-3.3.2/tests/regression/tests/REQUEST-944-APPLICATION-ATTACK-JAVA/944300.yaml:3001:      test_title: 944300-129
/etc/nginx/modsec/coreruleset-3.3.2/tests/regression/tests/REQUEST-944-APPLICATION-ATTACK-JAVA/944300.yaml:3021:              log_contains: "id \"944300\""
/etc/nginx/modsec/coreruleset-3.3.2/tests/regression/tests/REQUEST-944-APPLICATION-ATTACK-JAVA/944300.yaml:3024:      test_title: 944300-130
/etc/nginx/modsec/coreruleset-3.3.2/tests/regression/tests/REQUEST-944-APPLICATION-ATTACK-JAVA/944300.yaml:3044:              log_contains: "id \"944300\""
/etc/nginx/modsec/coreruleset-3.3.2/tests/regression/tests/REQUEST-944-APPLICATION-ATTACK-JAVA/944300.yaml:3047:      test_title: 944300-131
/etc/nginx/modsec/coreruleset-3.3.2/tests/regression/tests/REQUEST-944-APPLICATION-ATTACK-JAVA/944300.yaml:3067:              log_contains: "id \"944300\""
/etc/nginx/modsec/coreruleset-3.3.2/tests/regression/tests/REQUEST-944-APPLICATION-ATTACK-JAVA/944300.yaml:3069:      test_title: 944300-132
/etc/nginx/modsec/coreruleset-3.3.2/tests/regression/tests/REQUEST-944-APPLICATION-ATTACK-JAVA/944300.yaml:3089:              log_contains: "id \"944300\""
/etc/nginx/modsec/coreruleset-3.3.2/tests/regression/tests/REQUEST-944-APPLICATION-ATTACK-JAVA/944300.yaml:3092:      test_title: 944300-133
/etc/nginx/modsec/coreruleset-3.3.2/tests/regression/tests/REQUEST-944-APPLICATION-ATTACK-JAVA/944300.yaml:3112:              log_contains: "id \"944300\""
/etc/nginx/modsec/coreruleset-3.3.2/tests/regression/tests/REQUEST-944-APPLICATION-ATTACK-JAVA/944300.yaml:3115:      test_title: 944300-134
/etc/nginx/modsec/coreruleset-3.3.2/tests/regression/tests/REQUEST-944-APPLICATION-ATTACK-JAVA/944300.yaml:3136:              log_contains: "id \"944300\""
/etc/nginx/modsec/coreruleset-3.3.2/tests/regression/tests/REQUEST-944-APPLICATION-ATTACK-JAVA/944300.yaml:3139:      test_title: 944300-135
/etc/nginx/modsec/coreruleset-3.3.2/tests/regression/tests/REQUEST-944-APPLICATION-ATTACK-JAVA/944300.yaml:3160:              log_contains: "id \"944300\""
/etc/nginx/modsec/coreruleset-3.3.2/tests/regression/tests/REQUEST-944-APPLICATION-ATTACK-JAVA/944300.yaml:3163:      test_title: 944300-136
/etc/nginx/modsec/coreruleset-3.3.2/tests/regression/tests/REQUEST-944-APPLICATION-ATTACK-JAVA/944300.yaml:3184:              log_contains: "id \"944300\""
/etc/nginx/modsec/coreruleset-3.3.2/tests/regression/tests/REQUEST-944-APPLICATION-ATTACK-JAVA/944300.yaml:3187:      test_title: 944300-137
/etc/nginx/modsec/coreruleset-3.3.2/tests/regression/tests/REQUEST-944-APPLICATION-ATTACK-JAVA/944300.yaml:3207:              log_contains: "id \"944300\""
/etc/nginx/modsec/coreruleset-3.3.2/tests/regression/tests/REQUEST-944-APPLICATION-ATTACK-JAVA/944300.yaml:3210:      test_title: 944300-138
/etc/nginx/modsec/coreruleset-3.3.2/tests/regression/tests/REQUEST-944-APPLICATION-ATTACK-JAVA/944300.yaml:3230:              log_contains: "id \"944300\""
/etc/nginx/modsec/coreruleset-3.3.2/tests/regression/tests/REQUEST-944-APPLICATION-ATTACK-JAVA/944300.yaml:3233:      test_title: 944300-139
/etc/nginx/modsec/coreruleset-3.3.2/tests/regression/tests/REQUEST-944-APPLICATION-ATTACK-JAVA/944300.yaml:3253:              log_contains: "id \"944300\""
/etc/nginx/modsec/coreruleset-3.3.2/tests/regression/tests/REQUEST-944-APPLICATION-ATTACK-JAVA/944300.yaml:3256:      test_title: 944300-140
/etc/nginx/modsec/coreruleset-3.3.2/tests/regression/tests/REQUEST-944-APPLICATION-ATTACK-JAVA/944300.yaml:3276:              log_contains: "id \"944300\""
/etc/nginx/modsec/coreruleset-3.3.2/tests/regression/tests/REQUEST-944-APPLICATION-ATTACK-JAVA/944300.yaml:3279:      test_title: 944300-141
/etc/nginx/modsec/coreruleset-3.3.2/tests/regression/tests/REQUEST-944-APPLICATION-ATTACK-JAVA/944300.yaml:3299:              log_contains: "id \"944300\""
/etc/nginx/modsec/coreruleset-3.3.2/tests/regression/tests/REQUEST-944-APPLICATION-ATTACK-JAVA/944300.yaml:3302:      test_title: 944300-142
/etc/nginx/modsec/coreruleset-3.3.2/tests/regression/tests/REQUEST-944-APPLICATION-ATTACK-JAVA/944300.yaml:3322:              log_contains: "id \"944300\""
/etc/nginx/modsec/coreruleset-3.3.2/tests/regression/tests/REQUEST-944-APPLICATION-ATTACK-JAVA/944300.yaml:3324:      test_title: 944300-143
/etc/nginx/modsec/coreruleset-3.3.2/tests/regression/tests/REQUEST-944-APPLICATION-ATTACK-JAVA/944300.yaml:3344:              log_contains: "id \"944300\""
/etc/nginx/modsec/coreruleset-3.3.2/tests/regression/tests/REQUEST-944-APPLICATION-ATTACK-JAVA/944300.yaml:3347:      test_title: 944300-144
/etc/nginx/modsec/coreruleset-3.3.2/tests/regression/tests/REQUEST-944-APPLICATION-ATTACK-JAVA/944300.yaml:3367:              log_contains: "id \"944300\""
/etc/nginx/modsec/coreruleset-3.3.2/tests/regression/tests/REQUEST-944-APPLICATION-ATTACK-JAVA/944300.yaml:3370:      test_title: 944300-145
/etc/nginx/modsec/coreruleset-3.3.2/tests/regression/tests/REQUEST-944-APPLICATION-ATTACK-JAVA/944300.yaml:3391:              log_contains: "id \"944300\""
/etc/nginx/modsec/coreruleset-3.3.2/tests/regression/tests/REQUEST-944-APPLICATION-ATTACK-JAVA/944300.yaml:3394:      test_title: 944300-146
/etc/nginx/modsec/coreruleset-3.3.2/tests/regression/tests/REQUEST-944-APPLICATION-ATTACK-JAVA/944300.yaml:3415:              log_contains: "id \"944300\""
/etc/nginx/modsec/coreruleset-3.3.2/tests/regression/tests/REQUEST-944-APPLICATION-ATTACK-JAVA/944300.yaml:3418:      test_title: 944300-147
/etc/nginx/modsec/coreruleset-3.3.2/tests/regression/tests/REQUEST-944-APPLICATION-ATTACK-JAVA/944300.yaml:3439:              log_contains: "id \"944300\""
/etc/nginx/modsec/coreruleset-3.3.2/tests/regression/tests/REQUEST-944-APPLICATION-ATTACK-JAVA/944300.yaml:3442:      test_title: 944300-148
/etc/nginx/modsec/coreruleset-3.3.2/tests/regression/tests/REQUEST-944-APPLICATION-ATTACK-JAVA/944300.yaml:3462:              log_contains: "id \"944300\""
/etc/nginx/modsec/coreruleset-3.3.2/tests/regression/tests/REQUEST-944-APPLICATION-ATTACK-JAVA/944300.yaml:3465:      test_title: 944300-149
/etc/nginx/modsec/coreruleset-3.3.2/tests/regression/tests/REQUEST-944-APPLICATION-ATTACK-JAVA/944300.yaml:3485:              log_contains: "id \"944300\""
/etc/nginx/modsec/coreruleset-3.3.2/tests/regression/tests/REQUEST-944-APPLICATION-ATTACK-JAVA/944300.yaml:3488:      test_title: 944300-150
/etc/nginx/modsec/coreruleset-3.3.2/tests/regression/tests/REQUEST-944-APPLICATION-ATTACK-JAVA/944300.yaml:3508:              log_contains: "id \"944300\""
/etc/nginx/modsec/coreruleset-3.3.2/tests/regression/tests/REQUEST-944-APPLICATION-ATTACK-JAVA/944300.yaml:3511:      test_title: 944300-151
/etc/nginx/modsec/coreruleset-3.3.2/tests/regression/tests/REQUEST-944-APPLICATION-ATTACK-JAVA/944300.yaml:3531:              log_contains: "id \"944300\""
/etc/nginx/modsec/coreruleset-3.3.2/tests/regression/tests/REQUEST-944-APPLICATION-ATTACK-JAVA/944300.yaml:3534:      test_title: 944300-152
/etc/nginx/modsec/coreruleset-3.3.2/tests/regression/tests/REQUEST-944-APPLICATION-ATTACK-JAVA/944300.yaml:3554:              log_contains: "id \"944300\""
/etc/nginx/modsec/coreruleset-3.3.2/tests/regression/tests/REQUEST-944-APPLICATION-ATTACK-JAVA/944300.yaml:3557:      test_title: 944300-153
/etc/nginx/modsec/coreruleset-3.3.2/tests/regression/tests/REQUEST-944-APPLICATION-ATTACK-JAVA/944300.yaml:3577:              log_contains: "id \"944300\""
/etc/nginx/modsec/coreruleset-3.3.2/tests/regression/tests/REQUEST-944-APPLICATION-ATTACK-JAVA/944300.yaml:3579:      test_title: 944300-154
/etc/nginx/modsec/coreruleset-3.3.2/tests/regression/tests/REQUEST-944-APPLICATION-ATTACK-JAVA/944300.yaml:3599:              log_contains: "id \"944300\""
/etc/nginx/modsec/coreruleset-3.3.2/tests/regression/tests/REQUEST-944-APPLICATION-ATTACK-JAVA/944300.yaml:3602:      test_title: 944300-155
/etc/nginx/modsec/coreruleset-3.3.2/tests/regression/tests/REQUEST-944-APPLICATION-ATTACK-JAVA/944300.yaml:3622:              log_contains: "id \"944300\""
/etc/nginx/modsec/coreruleset-3.3.2/tests/regression/tests/REQUEST-944-APPLICATION-ATTACK-JAVA/944300.yaml:3625:      test_title: 944300-156
/etc/nginx/modsec/coreruleset-3.3.2/tests/regression/tests/REQUEST-944-APPLICATION-ATTACK-JAVA/944300.yaml:3646:              log_contains: "id \"944300\""
/etc/nginx/modsec/coreruleset-3.3.2/tests/regression/tests/REQUEST-944-APPLICATION-ATTACK-JAVA/944300.yaml:3649:      test_title: 944300-157
/etc/nginx/modsec/coreruleset-3.3.2/tests/regression/tests/REQUEST-944-APPLICATION-ATTACK-JAVA/944300.yaml:3670:              log_contains: "id \"944300\""
/etc/nginx/modsec/coreruleset-3.3.2/tests/regression/tests/REQUEST-944-APPLICATION-ATTACK-JAVA/944300.yaml:3673:      test_title: 944300-158
/etc/nginx/modsec/coreruleset-3.3.2/tests/regression/tests/REQUEST-944-APPLICATION-ATTACK-JAVA/944300.yaml:3694:              log_contains: "id \"944300\""
/etc/nginx/modsec/coreruleset-3.3.2/tests/regression/tests/REQUEST-944-APPLICATION-ATTACK-JAVA/944300.yaml:3697:      test_title: 944300-159
/etc/nginx/modsec/coreruleset-3.3.2/tests/regression/tests/REQUEST-944-APPLICATION-ATTACK-JAVA/944300.yaml:3717:              log_contains: "id \"944300\""
/etc/nginx/modsec/coreruleset-3.3.2/tests/regression/tests/REQUEST-944-APPLICATION-ATTACK-JAVA/944300.yaml:3720:      test_title: 944300-160
/etc/nginx/modsec/coreruleset-3.3.2/tests/regression/tests/REQUEST-944-APPLICATION-ATTACK-JAVA/944300.yaml:3740:              log_contains: "id \"944300\""
/etc/nginx/modsec/coreruleset-3.3.2/tests/regression/tests/REQUEST-944-APPLICATION-ATTACK-JAVA/944300.yaml:3743:      test_title: 944300-161
/etc/nginx/modsec/coreruleset-3.3.2/tests/regression/tests/REQUEST-944-APPLICATION-ATTACK-JAVA/944300.yaml:3763:              log_contains: "id \"944300\""
/etc/nginx/modsec/coreruleset-3.3.2/tests/regression/tests/REQUEST-944-APPLICATION-ATTACK-JAVA/944300.yaml:3766:      test_title: 944300-162
/etc/nginx/modsec/coreruleset-3.3.2/tests/regression/tests/REQUEST-944-APPLICATION-ATTACK-JAVA/944300.yaml:3786:              log_contains: "id \"944300\""
/etc/nginx/modsec/coreruleset-3.3.2/tests/regression/tests/REQUEST-944-APPLICATION-ATTACK-JAVA/944300.yaml:3789:      test_title: 944300-163
/etc/nginx/modsec/coreruleset-3.3.2/tests/regression/tests/REQUEST-944-APPLICATION-ATTACK-JAVA/944300.yaml:3809:              log_contains: "id \"944300\""
/etc/nginx/modsec/coreruleset-3.3.2/tests/regression/tests/REQUEST-944-APPLICATION-ATTACK-JAVA/944300.yaml:3812:      test_title: 944300-164
/etc/nginx/modsec/coreruleset-3.3.2/tests/regression/tests/REQUEST-944-APPLICATION-ATTACK-JAVA/944300.yaml:3832:              log_contains: "id \"944300\""
/etc/nginx/modsec/coreruleset-3.3.2/tests/regression/tests/REQUEST-944-APPLICATION-ATTACK-JAVA/944300.yaml:3834:      test_title: 944300-165
/etc/nginx/modsec/coreruleset-3.3.2/tests/regression/tests/REQUEST-944-APPLICATION-ATTACK-JAVA/944300.yaml:3854:              log_contains: "id \"944300\""
/etc/nginx/modsec/coreruleset-3.3.2/tests/regression/tests/REQUEST-944-APPLICATION-ATTACK-JAVA/944300.yaml:3857:      test_title: 944300-166
/etc/nginx/modsec/coreruleset-3.3.2/tests/regression/tests/REQUEST-944-APPLICATION-ATTACK-JAVA/944300.yaml:3877:              log_contains: "id \"944300\""
/etc/nginx/modsec/coreruleset-3.3.2/tests/regression/tests/REQUEST-944-APPLICATION-ATTACK-JAVA/944300.yaml:3880:      test_title: 944300-167
/etc/nginx/modsec/coreruleset-3.3.2/tests/regression/tests/REQUEST-944-APPLICATION-ATTACK-JAVA/944300.yaml:3901:              log_contains: "id \"944300\""
/etc/nginx/modsec/coreruleset-3.3.2/tests/regression/tests/REQUEST-944-APPLICATION-ATTACK-JAVA/944300.yaml:3904:      test_title: 944300-168
/etc/nginx/modsec/coreruleset-3.3.2/tests/regression/tests/REQUEST-944-APPLICATION-ATTACK-JAVA/944300.yaml:3925:              log_contains: "id \"944300\""
/etc/nginx/modsec/coreruleset-3.3.2/tests/regression/tests/REQUEST-944-APPLICATION-ATTACK-JAVA/944300.yaml:3928:      test_title: 944300-169
/etc/nginx/modsec/coreruleset-3.3.2/tests/regression/tests/REQUEST-944-APPLICATION-ATTACK-JAVA/944300.yaml:3949:              log_contains: "id \"944300\""
/etc/nginx/modsec/coreruleset-3.3.2/tests/regression/tests/REQUEST-944-APPLICATION-ATTACK-JAVA/944300.yaml:3952:      test_title: 944300-170
/etc/nginx/modsec/coreruleset-3.3.2/tests/regression/tests/REQUEST-944-APPLICATION-ATTACK-JAVA/944300.yaml:3972:              log_contains: "id \"944300\""
/etc/nginx/modsec/coreruleset-3.3.2/tests/regression/tests/REQUEST-944-APPLICATION-ATTACK-JAVA/944300.yaml:3975:      test_title: 944300-171
/etc/nginx/modsec/coreruleset-3.3.2/tests/regression/tests/REQUEST-944-APPLICATION-ATTACK-JAVA/944300.yaml:3995:              log_contains: "id \"944300\""
/etc/nginx/modsec/coreruleset-3.3.2/tests/regression/tests/REQUEST-944-APPLICATION-ATTACK-JAVA/944300.yaml:3998:      test_title: 944300-172
/etc/nginx/modsec/coreruleset-3.3.2/tests/regression/tests/REQUEST-944-APPLICATION-ATTACK-JAVA/944300.yaml:4018:              log_contains: "id \"944300\""
/etc/nginx/modsec/coreruleset-3.3.2/tests/regression/tests/REQUEST-944-APPLICATION-ATTACK-JAVA/944300.yaml:4021:      test_title: 944300-173
/etc/nginx/modsec/coreruleset-3.3.2/tests/regression/tests/REQUEST-944-APPLICATION-ATTACK-JAVA/944300.yaml:4041:              log_contains: "id \"944300\""
/etc/nginx/modsec/coreruleset-3.3.2/tests/regression/tests/REQUEST-944-APPLICATION-ATTACK-JAVA/944300.yaml:4044:      test_title: 944300-174
/etc/nginx/modsec/coreruleset-3.3.2/tests/regression/tests/REQUEST-944-APPLICATION-ATTACK-JAVA/944300.yaml:4064:              log_contains: "id \"944300\""
/etc/nginx/modsec/coreruleset-3.3.2/tests/regression/tests/REQUEST-944-APPLICATION-ATTACK-JAVA/944300.yaml:4067:      test_title: 944300-175
/etc/nginx/modsec/coreruleset-3.3.2/tests/regression/tests/REQUEST-944-APPLICATION-ATTACK-JAVA/944300.yaml:4087:              log_contains: "id \"944300\""
/etc/nginx/modsec/coreruleset-3.3.2/tests/regression/tests/REQUEST-944-APPLICATION-ATTACK-JAVA/944300.yaml:4089:      test_title: 944300-176
/etc/nginx/modsec/coreruleset-3.3.2/tests/regression/tests/REQUEST-944-APPLICATION-ATTACK-JAVA/944300.yaml:4109:              log_contains: "id \"944300\""
/etc/nginx/modsec/coreruleset-3.3.2/tests/regression/tests/REQUEST-944-APPLICATION-ATTACK-JAVA/944300.yaml:4112:      test_title: 944300-177
/etc/nginx/modsec/coreruleset-3.3.2/tests/regression/tests/REQUEST-944-APPLICATION-ATTACK-JAVA/944300.yaml:4132:              log_contains: "id \"944300\""
/etc/nginx/modsec/coreruleset-3.3.2/tests/regression/tests/REQUEST-944-APPLICATION-ATTACK-JAVA/944300.yaml:4135:      test_title: 944300-178
/etc/nginx/modsec/coreruleset-3.3.2/tests/regression/tests/REQUEST-944-APPLICATION-ATTACK-JAVA/944300.yaml:4156:              log_contains: "id \"944300\""
/etc/nginx/modsec/coreruleset-3.3.2/tests/regression/tests/REQUEST-944-APPLICATION-ATTACK-JAVA/944300.yaml:4159:      test_title: 944300-179
/etc/nginx/modsec/coreruleset-3.3.2/tests/regression/tests/REQUEST-944-APPLICATION-ATTACK-JAVA/944300.yaml:4180:              log_contains: "id \"944300\""
/etc/nginx/modsec/coreruleset-3.3.2/tests/regression/tests/REQUEST-944-APPLICATION-ATTACK-JAVA/944300.yaml:4183:      test_title: 944300-180
/etc/nginx/modsec/coreruleset-3.3.2/tests/regression/tests/REQUEST-944-APPLICATION-ATTACK-JAVA/944300.yaml:4204:              log_contains: "id \"944300\""
/etc/nginx/modsec/coreruleset-3.3.2/tests/regression/tests/REQUEST-944-APPLICATION-ATTACK-JAVA/944300.yaml:4207:      test_title: 944300-181
/etc/nginx/modsec/coreruleset-3.3.2/tests/regression/tests/REQUEST-944-APPLICATION-ATTACK-JAVA/944300.yaml:4227:              log_contains: "id \"944300\""
/etc/nginx/modsec/coreruleset-3.3.2/tests/regression/tests/REQUEST-944-APPLICATION-ATTACK-JAVA/944300.yaml:4230:      test_title: 944300-182
/etc/nginx/modsec/coreruleset-3.3.2/tests/regression/tests/REQUEST-944-APPLICATION-ATTACK-JAVA/944300.yaml:4250:              log_contains: "id \"944300\""
/etc/nginx/modsec/coreruleset-3.3.2/tests/regression/tests/REQUEST-944-APPLICATION-ATTACK-JAVA/944300.yaml:4253:      test_title: 944300-183
/etc/nginx/modsec/coreruleset-3.3.2/tests/regression/tests/REQUEST-944-APPLICATION-ATTACK-JAVA/944300.yaml:4273:              log_contains: "id \"944300\""
/etc/nginx/modsec/coreruleset-3.3.2/tests/regression/tests/REQUEST-944-APPLICATION-ATTACK-JAVA/944300.yaml:4276:      test_title: 944300-184
/etc/nginx/modsec/coreruleset-3.3.2/tests/regression/tests/REQUEST-944-APPLICATION-ATTACK-JAVA/944300.yaml:4296:              log_contains: "id \"944300\""
/etc/nginx/modsec/coreruleset-3.3.2/tests/regression/tests/REQUEST-944-APPLICATION-ATTACK-JAVA/944300.yaml:4299:      test_title: 944300-185
/etc/nginx/modsec/coreruleset-3.3.2/tests/regression/tests/REQUEST-944-APPLICATION-ATTACK-JAVA/944300.yaml:4319:              log_contains: "id \"944300\""
/etc/nginx/modsec/coreruleset-3.3.2/tests/regression/tests/REQUEST-944-APPLICATION-ATTACK-JAVA/944300.yaml:4322:      test_title: 944300-186
/etc/nginx/modsec/coreruleset-3.3.2/tests/regression/tests/REQUEST-944-APPLICATION-ATTACK-JAVA/944300.yaml:4342:              log_contains: "id \"944300\""
/etc/nginx/modsec/coreruleset-3.3.2/tests/regression/tests/REQUEST-944-APPLICATION-ATTACK-JAVA/944300.yaml:4344:      test_title: 944300-187
/etc/nginx/modsec/coreruleset-3.3.2/tests/regression/tests/REQUEST-944-APPLICATION-ATTACK-JAVA/944300.yaml:4364:              log_contains: "id \"944300\""
/etc/nginx/modsec/coreruleset-3.3.2/tests/regression/tests/REQUEST-944-APPLICATION-ATTACK-JAVA/944300.yaml:4367:      test_title: 944300-188
/etc/nginx/modsec/coreruleset-3.3.2/tests/regression/tests/REQUEST-944-APPLICATION-ATTACK-JAVA/944300.yaml:4387:              log_contains: "id \"944300\""
/etc/nginx/modsec/coreruleset-3.3.2/tests/regression/tests/REQUEST-944-APPLICATION-ATTACK-JAVA/944300.yaml:4390:      test_title: 944300-189
/etc/nginx/modsec/coreruleset-3.3.2/tests/regression/tests/REQUEST-944-APPLICATION-ATTACK-JAVA/944300.yaml:4411:              log_contains: "id \"944300\""
/etc/nginx/modsec/coreruleset-3.3.2/tests/regression/tests/REQUEST-944-APPLICATION-ATTACK-JAVA/944300.yaml:4414:      test_title: 944300-190
/etc/nginx/modsec/coreruleset-3.3.2/tests/regression/tests/REQUEST-944-APPLICATION-ATTACK-JAVA/944300.yaml:4435:              log_contains: "id \"944300\""
/etc/nginx/modsec/coreruleset-3.3.2/tests/regression/tests/REQUEST-944-APPLICATION-ATTACK-JAVA/944300.yaml:4438:      test_title: 944300-191
/etc/nginx/modsec/coreruleset-3.3.2/tests/regression/tests/REQUEST-944-APPLICATION-ATTACK-JAVA/944300.yaml:4459:              log_contains: "id \"944300\""
/etc/nginx/modsec/coreruleset-3.3.2/tests/regression/tests/REQUEST-944-APPLICATION-ATTACK-JAVA/944300.yaml:4462:      test_title: 944300-192
/etc/nginx/modsec/coreruleset-3.3.2/tests/regression/tests/REQUEST-944-APPLICATION-ATTACK-JAVA/944300.yaml:4482:              log_contains: "id \"944300\""
/etc/nginx/modsec/coreruleset-3.3.2/tests/regression/tests/REQUEST-944-APPLICATION-ATTACK-JAVA/944300.yaml:4485:      test_title: 944300-193
/etc/nginx/modsec/coreruleset-3.3.2/tests/regression/tests/REQUEST-944-APPLICATION-ATTACK-JAVA/944300.yaml:4505:              log_contains: "id \"944300\""
/etc/nginx/modsec/coreruleset-3.3.2/tests/regression/tests/REQUEST-944-APPLICATION-ATTACK-JAVA/944300.yaml:4508:      test_title: 944300-194
/etc/nginx/modsec/coreruleset-3.3.2/tests/regression/tests/REQUEST-944-APPLICATION-ATTACK-JAVA/944300.yaml:4528:              log_contains: "id \"944300\""
/etc/nginx/modsec/coreruleset-3.3.2/tests/regression/tests/REQUEST-944-APPLICATION-ATTACK-JAVA/944300.yaml:4531:      test_title: 944300-195
/etc/nginx/modsec/coreruleset-3.3.2/tests/regression/tests/REQUEST-944-APPLICATION-ATTACK-JAVA/944300.yaml:4551:              log_contains: "id \"944300\""
/etc/nginx/modsec/coreruleset-3.3.2/tests/regression/tests/REQUEST-944-APPLICATION-ATTACK-JAVA/944300.yaml:4554:      test_title: 944300-196
/etc/nginx/modsec/coreruleset-3.3.2/tests/regression/tests/REQUEST-944-APPLICATION-ATTACK-JAVA/944300.yaml:4574:              log_contains: "id \"944300\""
/etc/nginx/modsec/coreruleset-3.3.2/tests/regression/tests/REQUEST-944-APPLICATION-ATTACK-JAVA/944300.yaml:4577:      test_title: 944300-197
/etc/nginx/modsec/coreruleset-3.3.2/tests/regression/tests/REQUEST-944-APPLICATION-ATTACK-JAVA/944300.yaml:4597:              log_contains: "id \"944300\""
/etc/nginx/modsec/coreruleset-3.3.2/tests/regression/tests/REQUEST-944-APPLICATION-ATTACK-JAVA/944300.yaml:4599:      test_title: 944300-198
/etc/nginx/modsec/coreruleset-3.3.2/tests/regression/tests/REQUEST-944-APPLICATION-ATTACK-JAVA/944300.yaml:4619:              log_contains: "id \"944300\""
/etc/nginx/modsec/coreruleset-3.3.2/tests/regression/tests/REQUEST-944-APPLICATION-ATTACK-JAVA/944300.yaml:4622:      test_title: 944300-199
/etc/nginx/modsec/coreruleset-3.3.2/tests/regression/tests/REQUEST-944-APPLICATION-ATTACK-JAVA/944300.yaml:4642:              log_contains: "id \"944300\""
/etc/nginx/modsec/coreruleset-3.3.2/tests/regression/tests/REQUEST-944-APPLICATION-ATTACK-JAVA/944300.yaml:4645:      test_title: 944300-200
/etc/nginx/modsec/coreruleset-3.3.2/tests/regression/tests/REQUEST-944-APPLICATION-ATTACK-JAVA/944300.yaml:4666:              log_contains: "id \"944300\""
/etc/nginx/modsec/coreruleset-3.3.2/tests/regression/tests/REQUEST-944-APPLICATION-ATTACK-JAVA/944300.yaml:4669:      test_title: 944300-201
/etc/nginx/modsec/coreruleset-3.3.2/tests/regression/tests/REQUEST-944-APPLICATION-ATTACK-JAVA/944300.yaml:4690:              log_contains: "id \"944300\""
/etc/nginx/modsec/coreruleset-3.3.2/tests/regression/tests/REQUEST-944-APPLICATION-ATTACK-JAVA/944300.yaml:4693:      test_title: 944300-202
/etc/nginx/modsec/coreruleset-3.3.2/tests/regression/tests/REQUEST-944-APPLICATION-ATTACK-JAVA/944300.yaml:4714:              log_contains: "id \"944300\""
/etc/nginx/modsec/coreruleset-3.3.2/tests/regression/tests/REQUEST-944-APPLICATION-ATTACK-JAVA/944300.yaml:4717:      test_title: 944300-203
/etc/nginx/modsec/coreruleset-3.3.2/tests/regression/tests/REQUEST-944-APPLICATION-ATTACK-JAVA/944300.yaml:4737:              log_contains: "id \"944300\""
/etc/nginx/modsec/coreruleset-3.3.2/tests/regression/tests/REQUEST-944-APPLICATION-ATTACK-JAVA/944300.yaml:4740:      test_title: 944300-204
/etc/nginx/modsec/coreruleset-3.3.2/tests/regression/tests/REQUEST-944-APPLICATION-ATTACK-JAVA/944300.yaml:4760:              log_contains: "id \"944300\""
/etc/nginx/modsec/coreruleset-3.3.2/tests/regression/tests/REQUEST-944-APPLICATION-ATTACK-JAVA/944300.yaml:4763:      test_title: 944300-205
/etc/nginx/modsec/coreruleset-3.3.2/tests/regression/tests/REQUEST-944-APPLICATION-ATTACK-JAVA/944300.yaml:4783:              log_contains: "id \"944300\""
/etc/nginx/modsec/coreruleset-3.3.2/tests/regression/tests/REQUEST-944-APPLICATION-ATTACK-JAVA/944300.yaml:4786:      test_title: 944300-206
/etc/nginx/modsec/coreruleset-3.3.2/tests/regression/tests/REQUEST-944-APPLICATION-ATTACK-JAVA/944300.yaml:4806:              log_contains: "id \"944300\""
/etc/nginx/modsec/coreruleset-3.3.2/tests/regression/tests/REQUEST-944-APPLICATION-ATTACK-JAVA/944300.yaml:4809:      test_title: 944300-207
/etc/nginx/modsec/coreruleset-3.3.2/tests/regression/tests/REQUEST-944-APPLICATION-ATTACK-JAVA/944300.yaml:4829:              log_contains: "id \"944300\""
/etc/nginx/modsec/coreruleset-3.3.2/tests/regression/tests/REQUEST-944-APPLICATION-ATTACK-JAVA/944300.yaml:4832:      test_title: 944300-208
/etc/nginx/modsec/coreruleset-3.3.2/tests/regression/tests/REQUEST-944-APPLICATION-ATTACK-JAVA/944300.yaml:4852:              log_contains: "id \"944300\""
/etc/nginx/modsec/coreruleset-3.3.2/tests/regression/tests/REQUEST-944-APPLICATION-ATTACK-JAVA/944300.yaml:4854:      test_title: 944300-209
/etc/nginx/modsec/coreruleset-3.3.2/tests/regression/tests/REQUEST-944-APPLICATION-ATTACK-JAVA/944300.yaml:4874:              log_contains: "id \"944300\""
/etc/nginx/modsec/coreruleset-3.3.2/tests/regression/tests/REQUEST-944-APPLICATION-ATTACK-JAVA/944300.yaml:4877:      test_title: 944300-210
/etc/nginx/modsec/coreruleset-3.3.2/tests/regression/tests/REQUEST-944-APPLICATION-ATTACK-JAVA/944300.yaml:4897:              log_contains: "id \"944300\""
/etc/nginx/modsec/coreruleset-3.3.2/tests/regression/tests/REQUEST-944-APPLICATION-ATTACK-JAVA/944300.yaml:4900:      test_title: 944300-211
/etc/nginx/modsec/coreruleset-3.3.2/tests/regression/tests/REQUEST-944-APPLICATION-ATTACK-JAVA/944300.yaml:4921:              log_contains: "id \"944300\""
/etc/nginx/modsec/coreruleset-3.3.2/tests/regression/tests/REQUEST-944-APPLICATION-ATTACK-JAVA/944300.yaml:4924:      test_title: 944300-212
/etc/nginx/modsec/coreruleset-3.3.2/tests/regression/tests/REQUEST-944-APPLICATION-ATTACK-JAVA/944300.yaml:4945:              log_contains: "id \"944300\""
/etc/nginx/modsec/coreruleset-3.3.2/tests/regression/tests/REQUEST-944-APPLICATION-ATTACK-JAVA/944300.yaml:4948:      test_title: 944300-213
/etc/nginx/modsec/coreruleset-3.3.2/tests/regression/tests/REQUEST-944-APPLICATION-ATTACK-JAVA/944300.yaml:4969:              log_contains: "id \"944300\""
/etc/nginx/modsec/coreruleset-3.3.2/tests/regression/tests/REQUEST-944-APPLICATION-ATTACK-JAVA/944300.yaml:4972:      test_title: 944300-214
/etc/nginx/modsec/coreruleset-3.3.2/tests/regression/tests/REQUEST-944-APPLICATION-ATTACK-JAVA/944300.yaml:4992:              log_contains: "id \"944300\""
/etc/nginx/modsec/coreruleset-3.3.2/tests/regression/tests/REQUEST-944-APPLICATION-ATTACK-JAVA/944300.yaml:4995:      test_title: 944300-215
/etc/nginx/modsec/coreruleset-3.3.2/tests/regression/tests/REQUEST-944-APPLICATION-ATTACK-JAVA/944300.yaml:5015:              log_contains: "id \"944300\""
/etc/nginx/modsec/coreruleset-3.3.2/tests/regression/tests/REQUEST-944-APPLICATION-ATTACK-JAVA/944300.yaml:5018:      test_title: 944300-216
/etc/nginx/modsec/coreruleset-3.3.2/tests/regression/tests/REQUEST-944-APPLICATION-ATTACK-JAVA/944300.yaml:5038:              log_contains: "id \"944300\""
/etc/nginx/modsec/coreruleset-3.3.2/tests/regression/tests/REQUEST-944-APPLICATION-ATTACK-JAVA/944300.yaml:5041:      test_title: 944300-217
/etc/nginx/modsec/coreruleset-3.3.2/tests/regression/tests/REQUEST-944-APPLICATION-ATTACK-JAVA/944300.yaml:5061:              log_contains: "id \"944300\""
/etc/nginx/modsec/coreruleset-3.3.2/tests/regression/tests/REQUEST-944-APPLICATION-ATTACK-JAVA/944300.yaml:5064:      test_title: 944300-218
/etc/nginx/modsec/coreruleset-3.3.2/tests/regression/tests/REQUEST-944-APPLICATION-ATTACK-JAVA/944300.yaml:5084:              log_contains: "id \"944300\""
/etc/nginx/modsec/coreruleset-3.3.2/tests/regression/tests/REQUEST-944-APPLICATION-ATTACK-JAVA/944300.yaml:5087:      test_title: 944300-219
/etc/nginx/modsec/coreruleset-3.3.2/tests/regression/tests/REQUEST-944-APPLICATION-ATTACK-JAVA/944300.yaml:5107:              log_contains: "id \"944300\""
/etc/nginx/modsec/coreruleset-3.3.2/tests/regression/tests/REQUEST-944-APPLICATION-ATTACK-JAVA/944300.yaml:5109:      test_title: 944300-220
/etc/nginx/modsec/coreruleset-3.3.2/tests/regression/tests/REQUEST-944-APPLICATION-ATTACK-JAVA/944300.yaml:5129:              log_contains: "id \"944300\""
/etc/nginx/modsec/coreruleset-3.3.2/tests/regression/tests/REQUEST-944-APPLICATION-ATTACK-JAVA/944300.yaml:5132:      test_title: 944300-221
/etc/nginx/modsec/coreruleset-3.3.2/tests/regression/tests/REQUEST-944-APPLICATION-ATTACK-JAVA/944300.yaml:5152:              log_contains: "id \"944300\""
/etc/nginx/modsec/coreruleset-3.3.2/tests/regression/tests/REQUEST-944-APPLICATION-ATTACK-JAVA/944300.yaml:5155:      test_title: 944300-222
/etc/nginx/modsec/coreruleset-3.3.2/tests/regression/tests/REQUEST-944-APPLICATION-ATTACK-JAVA/944300.yaml:5176:              log_contains: "id \"944300\""
/etc/nginx/modsec/coreruleset-3.3.2/tests/regression/tests/REQUEST-944-APPLICATION-ATTACK-JAVA/944300.yaml:5179:      test_title: 944300-223
/etc/nginx/modsec/coreruleset-3.3.2/tests/regression/tests/REQUEST-944-APPLICATION-ATTACK-JAVA/944300.yaml:5200:              log_contains: "id \"944300\""
/etc/nginx/modsec/coreruleset-3.3.2/tests/regression/tests/REQUEST-944-APPLICATION-ATTACK-JAVA/944300.yaml:5203:      test_title: 944300-224
/etc/nginx/modsec/coreruleset-3.3.2/tests/regression/tests/REQUEST-944-APPLICATION-ATTACK-JAVA/944300.yaml:5224:              log_contains: "id \"944300\""
/etc/nginx/modsec/coreruleset-3.3.2/tests/regression/tests/REQUEST-944-APPLICATION-ATTACK-JAVA/944300.yaml:5227:      test_title: 944300-225
/etc/nginx/modsec/coreruleset-3.3.2/tests/regression/tests/REQUEST-944-APPLICATION-ATTACK-JAVA/944300.yaml:5247:              log_contains: "id \"944300\""
/etc/nginx/modsec/coreruleset-3.3.2/tests/regression/tests/REQUEST-944-APPLICATION-ATTACK-JAVA/944300.yaml:5250:      test_title: 944300-226
/etc/nginx/modsec/coreruleset-3.3.2/tests/regression/tests/REQUEST-944-APPLICATION-ATTACK-JAVA/944300.yaml:5270:              log_contains: "id \"944300\""
/etc/nginx/modsec/coreruleset-3.3.2/tests/regression/tests/REQUEST-944-APPLICATION-ATTACK-JAVA/944300.yaml:5273:      test_title: 944300-227
/etc/nginx/modsec/coreruleset-3.3.2/tests/regression/tests/REQUEST-944-APPLICATION-ATTACK-JAVA/944300.yaml:5293:              log_contains: "id \"944300\""
/etc/nginx/modsec/coreruleset-3.3.2/tests/regression/tests/REQUEST-944-APPLICATION-ATTACK-JAVA/944300.yaml:5296:      test_title: 944300-228
/etc/nginx/modsec/coreruleset-3.3.2/tests/regression/tests/REQUEST-944-APPLICATION-ATTACK-JAVA/944300.yaml:5316:              log_contains: "id \"944300\""
/etc/nginx/modsec/coreruleset-3.3.2/tests/regression/tests/REQUEST-944-APPLICATION-ATTACK-JAVA/944300.yaml:5319:      test_title: 944300-229
/etc/nginx/modsec/coreruleset-3.3.2/tests/regression/tests/REQUEST-944-APPLICATION-ATTACK-JAVA/944300.yaml:5339:              log_contains: "id \"944300\""
/etc/nginx/modsec/coreruleset-3.3.2/tests/regression/tests/REQUEST-944-APPLICATION-ATTACK-JAVA/944300.yaml:5342:      test_title: 944300-230
/etc/nginx/modsec/coreruleset-3.3.2/tests/regression/tests/REQUEST-944-APPLICATION-ATTACK-JAVA/944300.yaml:5362:              log_contains: "id \"944300\""
/etc/nginx/modsec/coreruleset-3.3.2/tests/regression/tests/REQUEST-944-APPLICATION-ATTACK-JAVA/944300.yaml:5364:      test_title: 944300-231
/etc/nginx/modsec/coreruleset-3.3.2/tests/regression/tests/REQUEST-944-APPLICATION-ATTACK-JAVA/944300.yaml:5384:              log_contains: "id \"944300\""
/etc/nginx/modsec/coreruleset-3.3.2/tests/regression/tests/REQUEST-944-APPLICATION-ATTACK-JAVA/944300.yaml:5387:      test_title: 944300-232
/etc/nginx/modsec/coreruleset-3.3.2/tests/regression/tests/REQUEST-944-APPLICATION-ATTACK-JAVA/944300.yaml:5407:              log_contains: "id \"944300\""
/etc/nginx/modsec/coreruleset-3.3.2/tests/regression/tests/REQUEST-944-APPLICATION-ATTACK-JAVA/944300.yaml:5410:      test_title: 944300-233
/etc/nginx/modsec/coreruleset-3.3.2/tests/regression/tests/REQUEST-944-APPLICATION-ATTACK-JAVA/944300.yaml:5431:              log_contains: "id \"944300\""
/etc/nginx/modsec/coreruleset-3.3.2/tests/regression/tests/REQUEST-944-APPLICATION-ATTACK-JAVA/944300.yaml:5434:      test_title: 944300-234
/etc/nginx/modsec/coreruleset-3.3.2/tests/regression/tests/REQUEST-944-APPLICATION-ATTACK-JAVA/944300.yaml:5455:              log_contains: "id \"944300\""
/etc/nginx/modsec/coreruleset-3.3.2/tests/regression/tests/REQUEST-944-APPLICATION-ATTACK-JAVA/944300.yaml:5458:      test_title: 944300-235
/etc/nginx/modsec/coreruleset-3.3.2/tests/regression/tests/REQUEST-944-APPLICATION-ATTACK-JAVA/944300.yaml:5479:              log_contains: "id \"944300\""
/etc/nginx/modsec/coreruleset-3.3.2/tests/regression/tests/REQUEST-944-APPLICATION-ATTACK-JAVA/944300.yaml:5482:      test_title: 944300-236
/etc/nginx/modsec/coreruleset-3.3.2/tests/regression/tests/REQUEST-944-APPLICATION-ATTACK-JAVA/944300.yaml:5502:              log_contains: "id \"944300\""
/etc/nginx/modsec/coreruleset-3.3.2/tests/regression/tests/REQUEST-944-APPLICATION-ATTACK-JAVA/944300.yaml:5505:      test_title: 944300-237
/etc/nginx/modsec/coreruleset-3.3.2/tests/regression/tests/REQUEST-944-APPLICATION-ATTACK-JAVA/944300.yaml:5525:              log_contains: "id \"944300\""
/etc/nginx/modsec/coreruleset-3.3.2/tests/regression/tests/REQUEST-944-APPLICATION-ATTACK-JAVA/944300.yaml:5528:      test_title: 944300-238
/etc/nginx/modsec/coreruleset-3.3.2/tests/regression/tests/REQUEST-944-APPLICATION-ATTACK-JAVA/944300.yaml:5548:              log_contains: "id \"944300\""
/etc/nginx/modsec/coreruleset-3.3.2/tests/regression/tests/REQUEST-944-APPLICATION-ATTACK-JAVA/944300.yaml:5551:      test_title: 944300-239
/etc/nginx/modsec/coreruleset-3.3.2/tests/regression/tests/REQUEST-944-APPLICATION-ATTACK-JAVA/944300.yaml:5571:              log_contains: "id \"944300\""
/etc/nginx/modsec/coreruleset-3.3.2/tests/regression/tests/REQUEST-944-APPLICATION-ATTACK-JAVA/944300.yaml:5574:      test_title: 944300-240
/etc/nginx/modsec/coreruleset-3.3.2/tests/regression/tests/REQUEST-944-APPLICATION-ATTACK-JAVA/944300.yaml:5594:              log_contains: "id \"944300\""
/etc/nginx/modsec/coreruleset-3.3.2/tests/regression/tests/REQUEST-944-APPLICATION-ATTACK-JAVA/944300.yaml:5597:      test_title: 944300-241
/etc/nginx/modsec/coreruleset-3.3.2/tests/regression/tests/REQUEST-944-APPLICATION-ATTACK-JAVA/944300.yaml:5617:              log_contains: "id \"944300\""
/etc/nginx/modsec/coreruleset-3.3.2/tests/regression/tests/REQUEST-944-APPLICATION-ATTACK-JAVA/944300.yaml:5619:      test_title: 944300-242
/etc/nginx/modsec/coreruleset-3.3.2/tests/regression/tests/REQUEST-944-APPLICATION-ATTACK-JAVA/944300.yaml:5639:              log_contains: "id \"944300\""
/etc/nginx/modsec/coreruleset-3.3.2/tests/regression/tests/REQUEST-944-APPLICATION-ATTACK-JAVA/944300.yaml:5642:      test_title: 944300-243
/etc/nginx/modsec/coreruleset-3.3.2/tests/regression/tests/REQUEST-944-APPLICATION-ATTACK-JAVA/944300.yaml:5662:              log_contains: "id \"944300\""
/etc/nginx/modsec/coreruleset-3.3.2/tests/regression/tests/REQUEST-944-APPLICATION-ATTACK-JAVA/944300.yaml:5665:      test_title: 944300-244
/etc/nginx/modsec/coreruleset-3.3.2/tests/regression/tests/REQUEST-944-APPLICATION-ATTACK-JAVA/944300.yaml:5686:              log_contains: "id \"944300\""
/etc/nginx/modsec/coreruleset-3.3.2/tests/regression/tests/REQUEST-944-APPLICATION-ATTACK-JAVA/944300.yaml:5689:      test_title: 944300-245
/etc/nginx/modsec/coreruleset-3.3.2/tests/regression/tests/REQUEST-944-APPLICATION-ATTACK-JAVA/944300.yaml:5710:              log_contains: "id \"944300\""
/etc/nginx/modsec/coreruleset-3.3.2/tests/regression/tests/REQUEST-944-APPLICATION-ATTACK-JAVA/944300.yaml:5713:      test_title: 944300-246
/etc/nginx/modsec/coreruleset-3.3.2/tests/regression/tests/REQUEST-944-APPLICATION-ATTACK-JAVA/944300.yaml:5734:              log_contains: "id \"944300\""
/etc/nginx/modsec/coreruleset-3.3.2/tests/regression/tests/REQUEST-944-APPLICATION-ATTACK-JAVA/944300.yaml:5737:      test_title: 944300-247
/etc/nginx/modsec/coreruleset-3.3.2/tests/regression/tests/REQUEST-944-APPLICATION-ATTACK-JAVA/944300.yaml:5757:              log_contains: "id \"944300\""
/etc/nginx/modsec/coreruleset-3.3.2/tests/regression/tests/REQUEST-944-APPLICATION-ATTACK-JAVA/944300.yaml:5760:      test_title: 944300-248
/etc/nginx/modsec/coreruleset-3.3.2/tests/regression/tests/REQUEST-944-APPLICATION-ATTACK-JAVA/944300.yaml:5780:              log_contains: "id \"944300\""
/etc/nginx/modsec/coreruleset-3.3.2/tests/regression/tests/REQUEST-944-APPLICATION-ATTACK-JAVA/944300.yaml:5783:      test_title: 944300-249
/etc/nginx/modsec/coreruleset-3.3.2/tests/regression/tests/REQUEST-944-APPLICATION-ATTACK-JAVA/944300.yaml:5803:              log_contains: "id \"944300\""
/etc/nginx/modsec/coreruleset-3.3.2/tests/regression/tests/REQUEST-944-APPLICATION-ATTACK-JAVA/944300.yaml:5806:      test_title: 944300-250
/etc/nginx/modsec/coreruleset-3.3.2/tests/regression/tests/REQUEST-944-APPLICATION-ATTACK-JAVA/944300.yaml:5826:              log_contains: "id \"944300\""
/etc/nginx/modsec/coreruleset-3.3.2/tests/regression/tests/REQUEST-944-APPLICATION-ATTACK-JAVA/944300.yaml:5829:      test_title: 944300-251
/etc/nginx/modsec/coreruleset-3.3.2/tests/regression/tests/REQUEST-944-APPLICATION-ATTACK-JAVA/944300.yaml:5849:              log_contains: "id \"944300\""
/etc/nginx/modsec/coreruleset-3.3.2/tests/regression/tests/REQUEST-944-APPLICATION-ATTACK-JAVA/944300.yaml:5852:      test_title: 944300-252
/etc/nginx/modsec/coreruleset-3.3.2/tests/regression/tests/REQUEST-944-APPLICATION-ATTACK-JAVA/944300.yaml:5872:              log_contains: "id \"944300\""
/etc/nginx/modsec/coreruleset-3.3.2/tests/regression/tests/REQUEST-944-APPLICATION-ATTACK-JAVA/944300.yaml:5874:      test_title: 944300-253
/etc/nginx/modsec/coreruleset-3.3.2/tests/regression/tests/REQUEST-944-APPLICATION-ATTACK-JAVA/944300.yaml:5894:              log_contains: "id \"944300\""
/etc/nginx/modsec/coreruleset-3.3.2/tests/regression/tests/REQUEST-944-APPLICATION-ATTACK-JAVA/944300.yaml:5897:      test_title: 944300-254
/etc/nginx/modsec/coreruleset-3.3.2/tests/regression/tests/REQUEST-944-APPLICATION-ATTACK-JAVA/944300.yaml:5917:              log_contains: "id \"944300\""
/etc/nginx/modsec/coreruleset-3.3.2/tests/regression/tests/REQUEST-944-APPLICATION-ATTACK-JAVA/944300.yaml:5920:      test_title: 944300-255
/etc/nginx/modsec/coreruleset-3.3.2/tests/regression/tests/REQUEST-944-APPLICATION-ATTACK-JAVA/944300.yaml:5941:              log_contains: "id \"944300\""
/etc/nginx/modsec/coreruleset-3.3.2/tests/regression/tests/REQUEST-944-APPLICATION-ATTACK-JAVA/944300.yaml:5944:      test_title: 944300-256
/etc/nginx/modsec/coreruleset-3.3.2/tests/regression/tests/REQUEST-944-APPLICATION-ATTACK-JAVA/944300.yaml:5965:              log_contains: "id \"944300\""
/etc/nginx/modsec/coreruleset-3.3.2/tests/regression/tests/REQUEST-944-APPLICATION-ATTACK-JAVA/944300.yaml:5968:      test_title: 944300-257
/etc/nginx/modsec/coreruleset-3.3.2/tests/regression/tests/REQUEST-944-APPLICATION-ATTACK-JAVA/944300.yaml:5989:              log_contains: "id \"944300\""
/etc/nginx/modsec/coreruleset-3.3.2/tests/regression/tests/REQUEST-944-APPLICATION-ATTACK-JAVA/944300.yaml:5992:      test_title: 944300-258
/etc/nginx/modsec/coreruleset-3.3.2/tests/regression/tests/REQUEST-944-APPLICATION-ATTACK-JAVA/944300.yaml:6012:              log_contains: "id \"944300\""
/etc/nginx/modsec/coreruleset-3.3.2/tests/regression/tests/REQUEST-944-APPLICATION-ATTACK-JAVA/944300.yaml:6015:      test_title: 944300-259
/etc/nginx/modsec/coreruleset-3.3.2/tests/regression/tests/REQUEST-944-APPLICATION-ATTACK-JAVA/944300.yaml:6035:              log_contains: "id \"944300\""
/etc/nginx/modsec/coreruleset-3.3.2/tests/regression/tests/REQUEST-944-APPLICATION-ATTACK-JAVA/944300.yaml:6038:      test_title: 944300-260
/etc/nginx/modsec/coreruleset-3.3.2/tests/regression/tests/REQUEST-944-APPLICATION-ATTACK-JAVA/944300.yaml:6058:              log_contains: "id \"944300\""
/etc/nginx/modsec/coreruleset-3.3.2/tests/regression/tests/REQUEST-944-APPLICATION-ATTACK-JAVA/944300.yaml:6061:      test_title: 944300-261
/etc/nginx/modsec/coreruleset-3.3.2/tests/regression/tests/REQUEST-944-APPLICATION-ATTACK-JAVA/944300.yaml:6081:              log_contains: "id \"944300\""
/etc/nginx/modsec/coreruleset-3.3.2/tests/regression/tests/REQUEST-944-APPLICATION-ATTACK-JAVA/944300.yaml:6084:      test_title: 944300-262
/etc/nginx/modsec/coreruleset-3.3.2/tests/regression/tests/REQUEST-944-APPLICATION-ATTACK-JAVA/944300.yaml:6104:              log_contains: "id \"944300\""
/etc/nginx/modsec/coreruleset-3.3.2/tests/regression/tests/REQUEST-944-APPLICATION-ATTACK-JAVA/944300.yaml:6107:      test_title: 944300-263
/etc/nginx/modsec/coreruleset-3.3.2/tests/regression/tests/REQUEST-944-APPLICATION-ATTACK-JAVA/944300.yaml:6127:              log_contains: "id \"944300\""
/etc/nginx/modsec/coreruleset-3.3.2/tests/regression/tests/REQUEST-944-APPLICATION-ATTACK-JAVA/944300.yaml:6129:      test_title: 944300-264
/etc/nginx/modsec/coreruleset-3.3.2/tests/regression/tests/REQUEST-944-APPLICATION-ATTACK-JAVA/944300.yaml:6149:              log_contains: "id \"944300\""
/etc/nginx/modsec/coreruleset-3.3.2/tests/regression/tests/REQUEST-944-APPLICATION-ATTACK-JAVA/944300.yaml:6152:      test_title: 944300-265
/etc/nginx/modsec/coreruleset-3.3.2/tests/regression/tests/REQUEST-944-APPLICATION-ATTACK-JAVA/944300.yaml:6172:              log_contains: "id \"944300\""
/etc/nginx/modsec/coreruleset-3.3.2/tests/regression/tests/REQUEST-944-APPLICATION-ATTACK-JAVA/944300.yaml:6175:      test_title: 944300-266
/etc/nginx/modsec/coreruleset-3.3.2/tests/regression/tests/REQUEST-944-APPLICATION-ATTACK-JAVA/944300.yaml:6196:              log_contains: "id \"944300\""
/etc/nginx/modsec/coreruleset-3.3.2/tests/regression/tests/REQUEST-944-APPLICATION-ATTACK-JAVA/944300.yaml:6199:      test_title: 944300-267
/etc/nginx/modsec/coreruleset-3.3.2/tests/regression/tests/REQUEST-944-APPLICATION-ATTACK-JAVA/944300.yaml:6220:              log_contains: "id \"944300\""
/etc/nginx/modsec/coreruleset-3.3.2/tests/regression/tests/REQUEST-944-APPLICATION-ATTACK-JAVA/944300.yaml:6223:      test_title: 944300-268
/etc/nginx/modsec/coreruleset-3.3.2/tests/regression/tests/REQUEST-944-APPLICATION-ATTACK-JAVA/944300.yaml:6244:              log_contains: "id \"944300\""
/etc/nginx/modsec/coreruleset-3.3.2/tests/regression/tests/REQUEST-944-APPLICATION-ATTACK-JAVA/944300.yaml:6247:      test_title: 944300-269
/etc/nginx/modsec/coreruleset-3.3.2/tests/regression/tests/REQUEST-944-APPLICATION-ATTACK-JAVA/944300.yaml:6267:              log_contains: "id \"944300\""
/etc/nginx/modsec/coreruleset-3.3.2/tests/regression/tests/REQUEST-944-APPLICATION-ATTACK-JAVA/944300.yaml:6270:      test_title: 944300-270
/etc/nginx/modsec/coreruleset-3.3.2/tests/regression/tests/REQUEST-944-APPLICATION-ATTACK-JAVA/944300.yaml:6290:              log_contains: "id \"944300\""
/etc/nginx/modsec/coreruleset-3.3.2/tests/regression/tests/REQUEST-944-APPLICATION-ATTACK-JAVA/944300.yaml:6293:      test_title: 944300-271
/etc/nginx/modsec/coreruleset-3.3.2/tests/regression/tests/REQUEST-944-APPLICATION-ATTACK-JAVA/944300.yaml:6313:              log_contains: "id \"944300\""
/etc/nginx/modsec/coreruleset-3.3.2/tests/regression/tests/REQUEST-944-APPLICATION-ATTACK-JAVA/944300.yaml:6316:      test_title: 944300-272
/etc/nginx/modsec/coreruleset-3.3.2/tests/regression/tests/REQUEST-944-APPLICATION-ATTACK-JAVA/944300.yaml:6336:              log_contains: "id \"944300\""
/etc/nginx/modsec/coreruleset-3.3.2/tests/regression/tests/REQUEST-944-APPLICATION-ATTACK-JAVA/944300.yaml:6339:      test_title: 944300-273
/etc/nginx/modsec/coreruleset-3.3.2/tests/regression/tests/REQUEST-944-APPLICATION-ATTACK-JAVA/944300.yaml:6359:              log_contains: "id \"944300\""
/etc/nginx/modsec/coreruleset-3.3.2/tests/regression/tests/REQUEST-944-APPLICATION-ATTACK-JAVA/944300.yaml:6362:      test_title: 944300-274
/etc/nginx/modsec/coreruleset-3.3.2/tests/regression/tests/REQUEST-944-APPLICATION-ATTACK-JAVA/944300.yaml:6382:              log_contains: "id \"944300\""
/etc/nginx/modsec/coreruleset-3.3.2/tests/regression/tests/REQUEST-944-APPLICATION-ATTACK-JAVA/944300.yaml:6384:      test_title: 944300-275
/etc/nginx/modsec/coreruleset-3.3.2/tests/regression/tests/REQUEST-944-APPLICATION-ATTACK-JAVA/944300.yaml:6404:              log_contains: "id \"944300\""
/etc/nginx/modsec/coreruleset-3.3.2/tests/regression/tests/REQUEST-944-APPLICATION-ATTACK-JAVA/944300.yaml:6407:      test_title: 944300-276
/etc/nginx/modsec/coreruleset-3.3.2/tests/regression/tests/REQUEST-944-APPLICATION-ATTACK-JAVA/944300.yaml:6427:              log_contains: "id \"944300\""
/etc/nginx/modsec/coreruleset-3.3.2/tests/regression/tests/REQUEST-944-APPLICATION-ATTACK-JAVA/944300.yaml:6430:      test_title: 944300-277
/etc/nginx/modsec/coreruleset-3.3.2/tests/regression/tests/REQUEST-944-APPLICATION-ATTACK-JAVA/944300.yaml:6451:              log_contains: "id \"944300\""
/etc/nginx/modsec/coreruleset-3.3.2/tests/regression/tests/REQUEST-944-APPLICATION-ATTACK-JAVA/944300.yaml:6454:      test_title: 944300-278
/etc/nginx/modsec/coreruleset-3.3.2/tests/regression/tests/REQUEST-944-APPLICATION-ATTACK-JAVA/944300.yaml:6475:              log_contains: "id \"944300\""
/etc/nginx/modsec/coreruleset-3.3.2/tests/regression/tests/REQUEST-944-APPLICATION-ATTACK-JAVA/944300.yaml:6478:      test_title: 944300-279
/etc/nginx/modsec/coreruleset-3.3.2/tests/regression/tests/REQUEST-944-APPLICATION-ATTACK-JAVA/944300.yaml:6499:              log_contains: "id \"944300\""
/etc/nginx/modsec/coreruleset-3.3.2/tests/regression/tests/REQUEST-944-APPLICATION-ATTACK-JAVA/944300.yaml:6502:      test_title: 944300-280
/etc/nginx/modsec/coreruleset-3.3.2/tests/regression/tests/REQUEST-944-APPLICATION-ATTACK-JAVA/944300.yaml:6522:              log_contains: "id \"944300\""
/etc/nginx/modsec/coreruleset-3.3.2/tests/regression/tests/REQUEST-944-APPLICATION-ATTACK-JAVA/944300.yaml:6525:      test_title: 944300-281
/etc/nginx/modsec/coreruleset-3.3.2/tests/regression/tests/REQUEST-944-APPLICATION-ATTACK-JAVA/944300.yaml:6545:              log_contains: "id \"944300\""
/etc/nginx/modsec/coreruleset-3.3.2/tests/regression/tests/REQUEST-944-APPLICATION-ATTACK-JAVA/944300.yaml:6548:      test_title: 944300-282
/etc/nginx/modsec/coreruleset-3.3.2/tests/regression/tests/REQUEST-944-APPLICATION-ATTACK-JAVA/944300.yaml:6568:              log_contains: "id \"944300\""
/etc/nginx/modsec/coreruleset-3.3.2/tests/regression/tests/REQUEST-944-APPLICATION-ATTACK-JAVA/944300.yaml:6571:      test_title: 944300-283
/etc/nginx/modsec/coreruleset-3.3.2/tests/regression/tests/REQUEST-944-APPLICATION-ATTACK-JAVA/944300.yaml:6591:              log_contains: "id \"944300\""
/etc/nginx/modsec/coreruleset-3.3.2/tests/regression/tests/REQUEST-944-APPLICATION-ATTACK-JAVA/944300.yaml:6594:      test_title: 944300-284
/etc/nginx/modsec/coreruleset-3.3.2/tests/regression/tests/REQUEST-944-APPLICATION-ATTACK-JAVA/944300.yaml:6614:              log_contains: "id \"944300\""
/etc/nginx/modsec/coreruleset-3.3.2/tests/regression/tests/REQUEST-944-APPLICATION-ATTACK-JAVA/944300.yaml:6617:      test_title: 944300-285
/etc/nginx/modsec/coreruleset-3.3.2/tests/regression/tests/REQUEST-944-APPLICATION-ATTACK-JAVA/944300.yaml:6637:              log_contains: "id \"944300\""
/etc/nginx/modsec/coreruleset-3.3.2/tests/regression/tests/REQUEST-944-APPLICATION-ATTACK-JAVA/944300.yaml:6639:      test_title: 944300-286
/etc/nginx/modsec/coreruleset-3.3.2/tests/regression/tests/REQUEST-944-APPLICATION-ATTACK-JAVA/944300.yaml:6659:              log_contains: "id \"944300\""
/etc/nginx/modsec/coreruleset-3.3.2/tests/regression/tests/REQUEST-944-APPLICATION-ATTACK-JAVA/944300.yaml:6662:      test_title: 944300-287
/etc/nginx/modsec/coreruleset-3.3.2/tests/regression/tests/REQUEST-944-APPLICATION-ATTACK-JAVA/944300.yaml:6682:              log_contains: "id \"944300\""
/etc/nginx/modsec/coreruleset-3.3.2/tests/regression/tests/REQUEST-944-APPLICATION-ATTACK-JAVA/944300.yaml:6685:      test_title: 944300-288
/etc/nginx/modsec/coreruleset-3.3.2/tests/regression/tests/REQUEST-944-APPLICATION-ATTACK-JAVA/944300.yaml:6706:              log_contains: "id \"944300\""
/etc/nginx/modsec/coreruleset-3.3.2/tests/regression/tests/REQUEST-944-APPLICATION-ATTACK-JAVA/944300.yaml:6709:      test_title: 944300-289
/etc/nginx/modsec/coreruleset-3.3.2/tests/regression/tests/REQUEST-944-APPLICATION-ATTACK-JAVA/944300.yaml:6730:              log_contains: "id \"944300\""
/etc/nginx/modsec/coreruleset-3.3.2/tests/regression/tests/REQUEST-944-APPLICATION-ATTACK-JAVA/944300.yaml:6733:      test_title: 944300-290
/etc/nginx/modsec/coreruleset-3.3.2/tests/regression/tests/REQUEST-944-APPLICATION-ATTACK-JAVA/944300.yaml:6754:              log_contains: "id \"944300\""
/etc/nginx/modsec/coreruleset-3.3.2/tests/regression/tests/REQUEST-944-APPLICATION-ATTACK-JAVA/944300.yaml:6757:      test_title: 944300-291
/etc/nginx/modsec/coreruleset-3.3.2/tests/regression/tests/REQUEST-944-APPLICATION-ATTACK-JAVA/944300.yaml:6777:              log_contains: "id \"944300\""
/etc/nginx/modsec/coreruleset-3.3.2/tests/regression/tests/REQUEST-944-APPLICATION-ATTACK-JAVA/944300.yaml:6780:      test_title: 944300-292
/etc/nginx/modsec/coreruleset-3.3.2/tests/regression/tests/REQUEST-944-APPLICATION-ATTACK-JAVA/944300.yaml:6800:              log_contains: "id \"944300\""
/etc/nginx/modsec/coreruleset-3.3.2/tests/regression/tests/REQUEST-944-APPLICATION-ATTACK-JAVA/944300.yaml:6803:      test_title: 944300-293
/etc/nginx/modsec/coreruleset-3.3.2/tests/regression/tests/REQUEST-944-APPLICATION-ATTACK-JAVA/944300.yaml:6823:              log_contains: "id \"944300\""
/etc/nginx/modsec/coreruleset-3.3.2/tests/regression/tests/REQUEST-944-APPLICATION-ATTACK-JAVA/944300.yaml:6826:      test_title: 944300-294
/etc/nginx/modsec/coreruleset-3.3.2/tests/regression/tests/REQUEST-944-APPLICATION-ATTACK-JAVA/944300.yaml:6846:              log_contains: "id \"944300\""
/etc/nginx/modsec/coreruleset-3.3.2/tests/regression/tests/REQUEST-944-APPLICATION-ATTACK-JAVA/944300.yaml:6849:      test_title: 944300-295
/etc/nginx/modsec/coreruleset-3.3.2/tests/regression/tests/REQUEST-944-APPLICATION-ATTACK-JAVA/944300.yaml:6869:              log_contains: "id \"944300\""
/etc/nginx/modsec/coreruleset-3.3.2/tests/regression/tests/REQUEST-944-APPLICATION-ATTACK-JAVA/944300.yaml:6872:      test_title: 944300-296
/etc/nginx/modsec/coreruleset-3.3.2/tests/regression/tests/REQUEST-944-APPLICATION-ATTACK-JAVA/944300.yaml:6892:              log_contains: "id \"944300\""
/etc/nginx/modsec/coreruleset-3.3.2/tests/regression/tests/REQUEST-944-APPLICATION-ATTACK-JAVA/944300.yaml:6894:      test_title: 944300-297
/etc/nginx/modsec/coreruleset-3.3.2/tests/regression/tests/REQUEST-944-APPLICATION-ATTACK-JAVA/944300.yaml:6914:              log_contains: "id \"944300\""
/etc/nginx/modsec/coreruleset-3.3.2/tests/regression/tests/REQUEST-944-APPLICATION-ATTACK-JAVA/944300.yaml:6917:      test_title: 944300-298
/etc/nginx/modsec/coreruleset-3.3.2/tests/regression/tests/REQUEST-944-APPLICATION-ATTACK-JAVA/944300.yaml:6937:              log_contains: "id \"944300\""
/etc/nginx/modsec/coreruleset-3.3.2/tests/regression/tests/REQUEST-944-APPLICATION-ATTACK-JAVA/944300.yaml:6940:      test_title: 944300-299
/etc/nginx/modsec/coreruleset-3.3.2/tests/regression/tests/REQUEST-944-APPLICATION-ATTACK-JAVA/944300.yaml:6961:              log_contains: "id \"944300\""
/etc/nginx/modsec/coreruleset-3.3.2/tests/regression/tests/REQUEST-944-APPLICATION-ATTACK-JAVA/944300.yaml:6964:      test_title: 944300-300
/etc/nginx/modsec/coreruleset-3.3.2/tests/regression/tests/REQUEST-944-APPLICATION-ATTACK-JAVA/944300.yaml:6985:              log_contains: "id \"944300\""
/etc/nginx/modsec/coreruleset-3.3.2/tests/regression/tests/REQUEST-944-APPLICATION-ATTACK-JAVA/944300.yaml:6988:      test_title: 944300-301
/etc/nginx/modsec/coreruleset-3.3.2/tests/regression/tests/REQUEST-944-APPLICATION-ATTACK-JAVA/944300.yaml:7009:              log_contains: "id \"944300\""
/etc/nginx/modsec/coreruleset-3.3.2/tests/regression/tests/REQUEST-944-APPLICATION-ATTACK-JAVA/944300.yaml:7012:      test_title: 944300-302
/etc/nginx/modsec/coreruleset-3.3.2/tests/regression/tests/REQUEST-944-APPLICATION-ATTACK-JAVA/944300.yaml:7032:              log_contains: "id \"944300\""
/etc/nginx/modsec/coreruleset-3.3.2/tests/regression/tests/REQUEST-944-APPLICATION-ATTACK-JAVA/944300.yaml:7035:      test_title: 944300-303
/etc/nginx/modsec/coreruleset-3.3.2/tests/regression/tests/REQUEST-944-APPLICATION-ATTACK-JAVA/944300.yaml:7055:              log_contains: "id \"944300\""
/etc/nginx/modsec/coreruleset-3.3.2/tests/regression/tests/REQUEST-944-APPLICATION-ATTACK-JAVA/944300.yaml:7058:      test_title: 944300-304
/etc/nginx/modsec/coreruleset-3.3.2/tests/regression/tests/REQUEST-944-APPLICATION-ATTACK-JAVA/944300.yaml:7078:              log_contains: "id \"944300\""
/etc/nginx/modsec/coreruleset-3.3.2/tests/regression/tests/REQUEST-944-APPLICATION-ATTACK-JAVA/944300.yaml:7081:      test_title: 944300-305
/etc/nginx/modsec/coreruleset-3.3.2/tests/regression/tests/REQUEST-944-APPLICATION-ATTACK-JAVA/944300.yaml:7101:              log_contains: "id \"944300\""
/etc/nginx/modsec/coreruleset-3.3.2/tests/regression/tests/REQUEST-944-APPLICATION-ATTACK-JAVA/944300.yaml:7104:      test_title: 944300-306
/etc/nginx/modsec/coreruleset-3.3.2/tests/regression/tests/REQUEST-944-APPLICATION-ATTACK-JAVA/944300.yaml:7124:              log_contains: "id \"944300\""
/etc/nginx/modsec/coreruleset-3.3.2/tests/regression/tests/REQUEST-944-APPLICATION-ATTACK-JAVA/944300.yaml:7127:      test_title: 944300-307
/etc/nginx/modsec/coreruleset-3.3.2/tests/regression/tests/REQUEST-944-APPLICATION-ATTACK-JAVA/944300.yaml:7147:              log_contains: "id \"944300\""
/etc/nginx/modsec/coreruleset-3.3.2/tests/regression/tests/REQUEST-944-APPLICATION-ATTACK-JAVA/944300.yaml:7149:      test_title: 944300-308
/etc/nginx/modsec/coreruleset-3.3.2/tests/regression/tests/REQUEST-944-APPLICATION-ATTACK-JAVA/944300.yaml:7169:              log_contains: "id \"944300\""
/etc/nginx/modsec/coreruleset-3.3.2/tests/regression/tests/REQUEST-944-APPLICATION-ATTACK-JAVA/944300.yaml:7172:      test_title: 944300-309
/etc/nginx/modsec/coreruleset-3.3.2/tests/regression/tests/REQUEST-944-APPLICATION-ATTACK-JAVA/944300.yaml:7192:              log_contains: "id \"944300\""
/etc/nginx/modsec/coreruleset-3.3.2/tests/regression/tests/REQUEST-944-APPLICATION-ATTACK-JAVA/944300.yaml:7195:      test_title: 944300-310
/etc/nginx/modsec/coreruleset-3.3.2/tests/regression/tests/REQUEST-944-APPLICATION-ATTACK-JAVA/944300.yaml:7216:              log_contains: "id \"944300\""
/etc/nginx/modsec/coreruleset-3.3.2/tests/regression/tests/REQUEST-944-APPLICATION-ATTACK-JAVA/944300.yaml:7219:      test_title: 944300-311
/etc/nginx/modsec/coreruleset-3.3.2/tests/regression/tests/REQUEST-944-APPLICATION-ATTACK-JAVA/944300.yaml:7240:              log_contains: "id \"944300\""
/etc/nginx/modsec/coreruleset-3.3.2/tests/regression/tests/REQUEST-944-APPLICATION-ATTACK-JAVA/944300.yaml:7243:      test_title: 944300-312
/etc/nginx/modsec/coreruleset-3.3.2/tests/regression/tests/REQUEST-944-APPLICATION-ATTACK-JAVA/944300.yaml:7264:              log_contains: "id \"944300\""
/etc/nginx/modsec/coreruleset-3.3.2/tests/regression/tests/REQUEST-944-APPLICATION-ATTACK-JAVA/944300.yaml:7267:      test_title: 944300-313
/etc/nginx/modsec/coreruleset-3.3.2/tests/regression/tests/REQUEST-944-APPLICATION-ATTACK-JAVA/944300.yaml:7287:              log_contains: "id \"944300\""
/etc/nginx/modsec/coreruleset-3.3.2/tests/regression/tests/REQUEST-944-APPLICATION-ATTACK-JAVA/944300.yaml:7290:      test_title: 944300-314
/etc/nginx/modsec/coreruleset-3.3.2/tests/regression/tests/REQUEST-944-APPLICATION-ATTACK-JAVA/944300.yaml:7310:              log_contains: "id \"944300\""
/etc/nginx/modsec/coreruleset-3.3.2/tests/regression/tests/REQUEST-944-APPLICATION-ATTACK-JAVA/944300.yaml:7313:      test_title: 944300-315
/etc/nginx/modsec/coreruleset-3.3.2/tests/regression/tests/REQUEST-944-APPLICATION-ATTACK-JAVA/944300.yaml:7333:              log_contains: "id \"944300\""
/etc/nginx/modsec/coreruleset-3.3.2/tests/regression/tests/REQUEST-944-APPLICATION-ATTACK-JAVA/944300.yaml:7336:      test_title: 944300-316
/etc/nginx/modsec/coreruleset-3.3.2/tests/regression/tests/REQUEST-944-APPLICATION-ATTACK-JAVA/944300.yaml:7356:              log_contains: "id \"944300\""
/etc/nginx/modsec/coreruleset-3.3.2/tests/regression/tests/REQUEST-944-APPLICATION-ATTACK-JAVA/944300.yaml:7359:      test_title: 944300-317
/etc/nginx/modsec/coreruleset-3.3.2/tests/regression/tests/REQUEST-944-APPLICATION-ATTACK-JAVA/944300.yaml:7379:              log_contains: "id \"944300\""
/etc/nginx/modsec/coreruleset-3.3.2/tests/regression/tests/REQUEST-944-APPLICATION-ATTACK-JAVA/944300.yaml:7382:      test_title: 944300-318
/etc/nginx/modsec/coreruleset-3.3.2/tests/regression/tests/REQUEST-944-APPLICATION-ATTACK-JAVA/944300.yaml:7402:              log_contains: "id \"944300\""
/etc/nginx/modsec/coreruleset-3.3.2/tests/regression/tests/REQUEST-944-APPLICATION-ATTACK-JAVA/944300.yaml:7404:      test_title: 944300-319
/etc/nginx/modsec/coreruleset-3.3.2/tests/regression/tests/REQUEST-944-APPLICATION-ATTACK-JAVA/944300.yaml:7424:              log_contains: "id \"944300\""
/etc/nginx/modsec/coreruleset-3.3.2/tests/regression/tests/REQUEST-944-APPLICATION-ATTACK-JAVA/944300.yaml:7427:      test_title: 944300-320
/etc/nginx/modsec/coreruleset-3.3.2/tests/regression/tests/REQUEST-944-APPLICATION-ATTACK-JAVA/944300.yaml:7447:              log_contains: "id \"944300\""
/etc/nginx/modsec/coreruleset-3.3.2/tests/regression/tests/REQUEST-944-APPLICATION-ATTACK-JAVA/944300.yaml:7450:      test_title: 944300-321
/etc/nginx/modsec/coreruleset-3.3.2/tests/regression/tests/REQUEST-944-APPLICATION-ATTACK-JAVA/944300.yaml:7471:              log_contains: "id \"944300\""
/etc/nginx/modsec/coreruleset-3.3.2/tests/regression/tests/REQUEST-944-APPLICATION-ATTACK-JAVA/944300.yaml:7474:      test_title: 944300-322
/etc/nginx/modsec/coreruleset-3.3.2/tests/regression/tests/REQUEST-944-APPLICATION-ATTACK-JAVA/944300.yaml:7495:              log_contains: "id \"944300\""
/etc/nginx/modsec/coreruleset-3.3.2/tests/regression/tests/REQUEST-944-APPLICATION-ATTACK-JAVA/944300.yaml:7498:      test_title: 944300-323
/etc/nginx/modsec/coreruleset-3.3.2/tests/regression/tests/REQUEST-944-APPLICATION-ATTACK-JAVA/944300.yaml:7519:              log_contains: "id \"944300\""
/etc/nginx/modsec/coreruleset-3.3.2/tests/regression/tests/REQUEST-944-APPLICATION-ATTACK-JAVA/944300.yaml:7522:      test_title: 944300-324
/etc/nginx/modsec/coreruleset-3.3.2/tests/regression/tests/REQUEST-944-APPLICATION-ATTACK-JAVA/944300.yaml:7542:              log_contains: "id \"944300\""
/etc/nginx/modsec/coreruleset-3.3.2/tests/regression/tests/REQUEST-944-APPLICATION-ATTACK-JAVA/944300.yaml:7545:      test_title: 944300-325
/etc/nginx/modsec/coreruleset-3.3.2/tests/regression/tests/REQUEST-944-APPLICATION-ATTACK-JAVA/944300.yaml:7565:              log_contains: "id \"944300\""
/etc/nginx/modsec/coreruleset-3.3.2/tests/regression/tests/REQUEST-944-APPLICATION-ATTACK-JAVA/944300.yaml:7568:      test_title: 944300-326
/etc/nginx/modsec/coreruleset-3.3.2/tests/regression/tests/REQUEST-944-APPLICATION-ATTACK-JAVA/944300.yaml:7588:              log_contains: "id \"944300\""
/etc/nginx/modsec/coreruleset-3.3.2/tests/regression/tests/REQUEST-944-APPLICATION-ATTACK-JAVA/944300.yaml:7591:      test_title: 944300-327
/etc/nginx/modsec/coreruleset-3.3.2/tests/regression/tests/REQUEST-944-APPLICATION-ATTACK-JAVA/944300.yaml:7611:              log_contains: "id \"944300\""
/etc/nginx/modsec/coreruleset-3.3.2/tests/regression/tests/REQUEST-944-APPLICATION-ATTACK-JAVA/944300.yaml:7614:      test_title: 944300-328
/etc/nginx/modsec/coreruleset-3.3.2/tests/regression/tests/REQUEST-944-APPLICATION-ATTACK-JAVA/944300.yaml:7634:              log_contains: "id \"944300\""
/etc/nginx/modsec/coreruleset-3.3.2/tests/regression/tests/REQUEST-944-APPLICATION-ATTACK-JAVA/944300.yaml:7637:      test_title: 944300-329
/etc/nginx/modsec/coreruleset-3.3.2/tests/regression/tests/REQUEST-944-APPLICATION-ATTACK-JAVA/944300.yaml:7657:              log_contains: "id \"944300\""
